id;name;disambiguatingDescription;description;longitude;latitude;streetAddress;postalCode;addressLocality;telephone;email;url;image;dateModified08d6aa8c-628a-4940-9a0d-d301b35adfb6;Pizza Napoli;Italienische Spezialitäten in Gamprin-Bendern.;9.50896203517914;47.2108668003258;Eschner Strasse 58;9492;Eschen;+423 370 15 15;https://www.pizza-napoli.li/;[{'@type': 'ImageObject', 'contentUrl': 'https://ltmpimtsoch.sos-ch-dk-2.exoscale-cdn.com/catalog/8/7/2/b/872b0f982bef8f7faccd237c38fc3bc43a23a2b3_pizza_napoli_gamprin.jpeg', 'caption': {'de': 'Aussenansicht des Imbiss Napoli'}}];2025-10-20T15:05:31+02:00
11646e5c-828f-4886-b4e4-9f71e44d95ca;Restaurant Specki;Das Restaurant Specki bietet regionale, saisonale und vegane Küche mit sozialem Engagement.;<p>Das Restaurant Specki ist eine Initiative des Vereins f&uuml;r Betreutes Wohnen in Liechtenstein (VBW) und bietet leistungsangepasste Arbeitspl&auml;tze f&uuml;r Menschen mit gesundheitlichen Einschr&auml;nkungen. Die K&uuml;che setzt auf Regionalit&auml;t, Saisonalit&auml;t und Nachhaltigkeit &ndash; t&auml;glich frisch zubereitet und liebevoll serviert. Auf der Speisekarte stehen zwei wechselnde Men&uuml;s: eines vegan, das andere vegetarisch oder mit Fleisch. Die Gerichte entstehen spontan, um Lebensmittelverschwendung zu vermeiden, ganz nach dem Motto: &laquo;Lasst euch &uuml;berraschen&raquo;. Erg&auml;nzt wird das Angebot durch t&auml;glich frisch gebackenen Kuchen, serviert mit feinem Kaffee oder hausgemachtem Eistee.&nbsp;</p>;9.512416720390322;47.168764852643264;Birkenweg 2;9494;Schaan;+423 791 71 02;specki@vbw.li;https://www.specki.li;[{'@type': 'ImageObject', 'contentUrl': 'https://ltmpimtsoch.sos-ch-dk-2.exoscale-cdn.com/catalog/b/2/7/c/b27c128623da37a82cfd3a01f6f8268a5d964332_specki_schaan.jpeg', 'caption': {'de': 'Aussenansicht des Restaurants Specki'}}];2025-10-20T15:04:40+02:00
23aed662-7956-417f-b8b5-9431c4c09789;Jägerstube zum Kreuz;Auf dem Stotz im Schellenberg befindet sich ein kleines feines Wirtshaus: die Jägerstube Zum Kreuz.;<p>Die Jägerstube Zum Kreuz ist weitherum bekannt für die schöne Gaststube und den herrlichen Biergarten mit Aussicht auf die Dreischwestern-Bergkette und den Hohen Kasten.</p>;9.54689383506775;47.22957575081231;Stotz 15;9488;Schellenberg;+423 373 29 93;info@kreuz.li;http://www.kreuz.li;[{'@type': 'ImageObject', 'contentUrl': 'https://ltmpimtsoch.sos-ch-dk-2.exoscale-cdn.com/catalog/f/1/8/5/f18585573fb4e158245b733933bacbdbd16a2ec8_jaegerstube_zum_kreuz_schellenberg.jpeg', 'caption': {'de': 'Aussenansicht der Jägerstube zum Kreuz'}}];2025-10-20T14:53:42+02:00
2f9de122-6aab-430b-baf3-a7f44eb136b3;Bar & Bistro La Piazza;Bei «La Piazza» gibt es italienische Spezialitäten mitten in Schaan.;<p>Das &laquo;La Piazza&raquo; im Herzen von Schaan ist ein beliebter Treffpunkt f&uuml;r Kaffee, Ap&eacute;ro oder einen entspannten Feierabenddrink auf der Terrasse. Von Mittwoch bis Freitag werden feine Tagesmen&uuml;s und ofenfrische Pinsen serviert.</p>;9.510045;47.166844;Landstrasse 5;9494;Schaan;+423 232 11 22;lapiazza@adon.li;https://www.lapiazzaschaan.info/;[{'@type': 'ImageObject', 'contentUrl': 'https://ltmpimtsoch.sos-ch-dk-2.exoscale-cdn.com/catalog/8/b/6/1/8b617d9ed07787db78767b1f96d2aa41f6ca4598_AA0EBB73_F607_4AC3_A268_DE10A947A78B.jpeg', 'caption': {'de': 'Innenraum der Bar & Bistro «La Piazza»'}}];2026-09-11T10:27:29+02:00
30707859-1c9a-49e9-a900-b5f261068150;Restaurant Falknis;Das Restaurant und die Metzgerei Falknis ist ein Familienunternehmen in der mittlerweile dritten Generation.;<p>Im gemütlich eingerichteten Restaurant wirst du mit gutbürgerlicher Küche verwöhnt. Das Team serviert dir gerne hochwertige Fleischspezialitäten aus eigener Produktion, die du auch direkt im Metzgereifachgeschäft erwerben kannst.</p>;9.49602596473949;47.06054229851574;Prär 1;9496;Balzers;+423 384 17 02;office@falknis.li;https://www.falknis.li/restaurant.html;[{'@type': 'ImageObject', 'contentUrl': 'https://ltmpimtsoch.sos-ch-dk-2.exoscale-cdn.com/catalog/1/6/d/5/16d5367f0bcc664f0b5b3ea5e9cfbbcc493f461f_restaurant_falknis_balzers.jpeg', 'caption': {'de': 'Aussenansicht des Restaurants Falknis'}}];2026-06-13T22:01:59+02:00
34fb4302-ed65-440c-a577-96624eebdff2;King Kebap;Bei King Kebap erhältst du orientalische Spezialitäten sowie Pizza.;9.50796961784363;47.07653371125007;Gewerbestrasse 4;9496;Balzers;+423 392 12 43;http://kingpizza.li;[{'@type': 'ImageObject', 'contentUrl': 'https://ltmpimtsoch.sos-ch-dk-2.exoscale-cdn.com/catalog/2/a/b/7/2ab7edf8b5df25bad35167ec8aa323da4730122e_king_kebap_balzers.jpeg', 'caption': {'de': 'Aussenansicht des King Kebap'}}];2025-10-20T14:55:53+02:00
37dae97e-639a-45a8-8d53-d32ad0ead8a2;Balu Bäckerei Konditorei;Das «Balu» liegt im Vaduzer Städtle und bietet neben feinen Backwaren auch ein abwechslungsreiches Angebot für ein unkompliziertes Mittagessen.;<p>Das helle Ambiente lädt ein, ein Frühstück mit feinem Espresso, ein Mittagessen oder ein Stück Torte zu geniessen. Das Angebot an Brotprodukten, Patisserie und Sandwiches ist gross. Zudem sind täglich frische Salate, Wraps und Convenience Menus erhältlich.</p>;9.52284932380162;47.14051281744882;Städtle 17;9490;Vaduz;+423 233 33 73;balu@thoeny.li;http://www.baluvaduz.li;[{'@type': 'ImageObject', 'contentUrl': 'https://ltmpimtsoch.sos-ch-dk-2.exoscale-cdn.com/catalog/1/1/2/9/11297b88555eeb33901c3ddf09c8dfe2e8cb63cf_balu.jpeg', 'caption': {'de': 'Aussenansicht der Balu Bäckerei Konditorei mit gemütlicher Terrasse', 'en': 'Balu Bäckerei Konditorei'}}];2026-09-11T10:26:48+02:00
521b36c5-8a76-48c6-9bd1-8b33272e1e4a;Alpin Royal Restaurant;Im Alpin Royal Restaurant geniesst du kreative Küche aus regionalen Zutaten – serviert mit herzlicher Gastfreundschaft und Panoramablick auf die Liechtensteiner Alpen.;<p>Im modernen Ambiente des Alpin Royal Restaurants werden kulinarische Genüsse zum unvergesslichen Erlebnis. Hier treffen regionale Zutaten auf kreative Raffinesse – sorgfältig ausgewählt, modern interpretiert und mit Leidenschaft zubereitet. Ergänzt wird das kulinarische Erlebnis durch eine exquisite Weinkarte, die eine erlesene Auswahl regionaler und internationaler Tropfen bereithält. Ob ein stilvolles Dinner zu zweit oder ein gemütlicher Abend mit besonderen Menschen – jedes Gericht wird hier mit Liebe und Sorgfalt zubereitet und serviert.</p><p>Grosszügige Fenster eröffnen im Alpin Royal Restaurant den Blick auf die umliegende Bergwelt. Das gemütliche Ambiente lädt zum Verweilen, Geniessen und Feiern ein.</p><p>Ob private Feier oder exklusives Firmendinner – das Alpin Royal Restaurant bietet den passenden Rahmen für genussvolle Anlässe.</p><p>Das Alpin Royal Restaurant befindet sich im Alpin Royal Hotel &amp; Casino in Schaan und ist unabhängig vom Casinobesuch für alle Genussmenschen zugänglich.</p>;9.510169029235842;47.174568769391534;Im Rietacker 8;9494;Schaan;+423 333 88 88;restaurant@alpin-royal.li;https://alpin-royal.li/restaurant/;[{'@type': 'ImageObject', 'contentUrl': 'https://ltmpimtsoch.sos-ch-dk-2.exoscale-cdn.com/catalog/3/1/b/1/31b16d3a6fcb07999b9617a375c66ca4c5b95911_Titelbild.jpg', 'caption': {'de': 'Stilvoll gedeckter Tisch im Alpin Royal Restaurant'}}];2026-09-11T10:21:51+02:00
563c56ca-8686-4102-8667-bee20f4de5d1;Hornligrill;Türkische Spezialitäten in Triesen.;9.522587656974792;47.12047917113542;Austrasse 11;9495;Triesen;+423 794 60 62;https://www.hornligrill.li;[{'@type': 'ImageObject', 'contentUrl': 'https://ltmpimtsoch.sos-ch-dk-2.exoscale-cdn.com/catalog/9/8/9/7/989722c870d5abc06ced61a06efeb606e2afcfcb_hornli_grill_triesen.jpeg', 'caption': {'de': 'Hornligrill mit Tischen und Bänken im Freien'}}];2025-10-20T14:58:59+02:00
578b6f1e-e999-48f5-a833-f77fb22e5698;Anatolia - Kebap & Pizza;Pizza, Kebab und mehr im Zentrum von Nendeln.;9.542977809906008;47.19826778529326;Churer Strasse 39;9485;Nendeln;+423 373 95 49;https://www.anatolia-imbiss.li;[{'@type': 'ImageObject', 'contentUrl': 'https://ltmpimtsoch.sos-ch-dk-2.exoscale-cdn.com/catalog/6/d/b/5/6db51fc3e0477baa9d547b5fe48cb4c0fdb7787f_anatolia_nendeln.jpeg', 'caption': {'de': 'Aussenansicht des Imbiss Anatolia'}}];2025-10-20T14:55:54+02:00
5dd69311-9096-4ef2-b29d-0fedb6319cbe;Elisas - Taste of Italian Food;Das Elisas serviert italienische Klassiker und kreative Spezialitäten aus der vielfältigen Küche Italiens.;<p>Sei es frische Antipasti wie beispielsweise eine Aufschnittplatte, frische Salate, &nbsp;hausgemachte gefüllte Piadina oder Focaccia&nbsp;und verschiedene&nbsp;Pinsa Romana.</p>;9.52270030975342;47.13913969738793;Städtle 35;9490;Vaduz;+423 791 64 45;elisas@fl1.li;http://elisas-catering.li/;[{'@type': 'ImageObject', 'contentUrl': 'https://ltmpimtsoch.sos-ch-dk-2.exoscale-cdn.com/catalog/1/f/1/7/1f1788089966bb915be7ad568a0f4def63732ef2_elisas_aussen.jpeg', 'caption': {'de': 'Aussenansicht des Restaurants Elisas im Vaduzer Städtle'}}];2026-09-11T10:59:19+02:00
610daedc-eb7e-4c3f-a1bf-f4095a563d26;Liechtensteiner Braustube;Wo gutes Bier und köstliches Essen zusammentreffen.;<p>Das Restaurant Braustube verw&ouml;hnt dich mit kulinarischen K&ouml;stlichkeiten, leckeren Klassikern und feinen, saisonalen Spezialit&auml;ten. Dazu leckeres Brauhaus Bier aus der hausinternen Brauerei, tolles Ambiente, Bar, Biergarten mit viel Platz f&uuml;r dich und deine Freunde.</p><p>Die Braustube eignet sich ideal f&uuml;r Veranstaltungen wie Hochzeits-Ap&eacute;ros, Geburtstage, Pr&auml;sentationen oder&nbsp;Workshops. Das Team der Braustube steht dir gerne bei der Planung deines Anlasses zur Seite und unterst&uuml;tzt dich mit kulinarischem und technischem Know-how.&nbsp;Das Restaurant bietet Platz f&uuml;r 120-150 Personen zum Feiern. Im Brausaal k&ouml;nnen Workshops und Seminare mit bis zu 100&ndash;120 Personen stattfinden.</p><p>Mit dem &laquo;<a href="https://tourismus.li/angebote/freizeit/erlebnispass-2/all-inclusive-erlebnispass.html">ALL INCLUSIVE Erlebnispass</a>&raquo; erh&auml;ltst du eine CHF 4 Reduktion auf das Tasting-Board mit sechs verschiedenen Biersorten des Liechtensteiner Brauhaus.</p>;9.516080617904665;47.17736366491086;Im Alten Riet 156;9494;Schaan;+423 377 88 70;info@braustube.li;https://braustube.li/raeume/seminarraeume/;[{'@type': 'ImageObject', 'contentUrl': 'https://ltmpimtsoch.sos-ch-dk-2.exoscale-cdn.com/catalog/9/c/f/a/9cfafc0de4721a455c0d501e7579499f641397cf_DSC_8359.jpg', 'caption': {'de': 'Einladender Brauereiraum mit langen Holztischen, Fass-Dekorationen und stilvoller Beleuchtung', 'en': 'Liechtensteiner Braustube'}}];2026-09-11T11:43:22+02:00
63dbdc80-6c8f-4595-8a8e-5d8eb24a2b1b;Restaurant Marée;Das Restaurant Marée im Park Hotel Sonnenhof wurde mit 16 Gault Millau Punkten ausgezeichnet.;<p>Inspiriert von Natur und Saison zaubert Gault-Millau-Koch Hubertus Real mit seinem Team im Restaurant Marée immer wieder kulinarische Köstlichkeiten auf den Teller. Sei es ein festliches Menü oder ein stilvoller Business-Lunch. Nachmittags wird eine kleine Snackkarte angeboten. </p><p>Die einfache Genialität der Speisen, der herzliche Charme und die ehrliche Gastfreundschaft machen jedes Essen im Marée zu einem kulinarisch unvergesslichen Erlebnis. Für Hubertus Real liegt die Kunst darin: «Das richtige Produkt zu finden. Denn Qualität, Einzigartigkeit und Geschichte eines Produktes führen zur entsprechenden Inspiration und damit zur Kreation.» Und das kann er perfekt. Gespeist wird wahlweise im hochwertigen und zugleich gemütlichen Panoramarestaurant oder auf der einzigartigen Terrasse hoch über Vaduz: dem Adlernest.</p><p>Ob Klassiker, wie die Kalbfleisch-Spinat Raviolini oder Rochenflügel in Brauner Butter mit Kapern oder aktuelle Saison-Hits, es ist für jeden etwas dabei. Auch vegetarische oder vegane Kulinarikfans finden etwas Feines.</p>;9.523376226425173;47.147118381586665;Mareestrasse 29;9490;Vaduz;+423 239 0202;real@sonnenhof.li;https://www.sonnenhof.li/;[{'@type': 'ImageObject', 'contentUrl': 'https://ltmpimtsoch.sos-ch-dk-2.exoscale-cdn.com/catalog/f/8/6/7/f867f6f870ae609a55f2559d3fb52c44881e3218_sonnenhof_restaurant_main_is.jpg', 'caption': {'de': 'Eleganter Gastraum mit stilvoll gedeckten Tischen, edlem Ambiente und grossem Landschaftsbild', 'en': 'Restaurant Marée'}}];2026-09-11T15:22:29+02:00
65d4d0a9-1908-4787-9a3e-2d6a830c1878;Restaurant Heusträffl;Das Restaurant Heusträffl hat eine grosse Auswahl an verschiedenen Pizzen sowie andere Köstlichkeiten.;<p>Der &laquo;Heustr&auml;ffl&raquo; ist ein fester Bestandteil in der Triesenberger Gastronomie und l&auml;dt zum Geniessen in entspannter Atmosph&auml;re ein. Auf der Men&uuml;&shy;karte finden sich Pizzen sowie Klassiker wie Schnitzel mit Pommes oder Cordon bleu.</p>;9.54266667366028;47.11281669604061;Landstrasse 102;9497;Triesenberg;+41 79 959 82 11;https://www.local.ch/de/d/triesenberg/9497/restaurant/restaurant-heustraeffl-7_AthOwczmbMNISUoJ7kNw;[{'@type': 'ImageObject', 'contentUrl': 'https://ltmpimtsoch.sos-ch-dk-2.exoscale-cdn.com/catalog/f/9/c/d/f9cd963676ac8d631263b8b53c4e11038c8e0f11_IMG_20251013_WA0005.jpg', 'caption': {'de': 'Aussenansicht des Restaurants Heusträffl'}}];2026-07-16T09:42:33+02:00
75cb85cf-5024-46d6-875f-9ee2223e695b;Mai Thai Restaurant;Erlebe die Aromen Thailands im Mai Thai Restaurant. Auf der Speisekarte findest du eine grosse Auswahl an authentischen Gerichten, zubereitet mit frischen und hochwertigen Zutaten.;<p data-start="242" data-end="503">Ob gemütlich im stilvollen Innenbereich, entspannt im Garten oder ganz bequem als Take-away – hier geniesst du Thai-Küche, wie sie sein soll.&nbsp;</p>;9.538391232490541;47.216500240741745;Peter-Kaiser-Strasse 51;9493;Mauren;+423 373 66 50;info@maithai.li;http://www.maithai.li;[{'@type': 'ImageObject', 'contentUrl': 'https://ltmpimtsoch.sos-ch-dk-2.exoscale-cdn.com/catalog/8/0/2/b/802beaa300736164dec92761107a0adfe2f7fbb1_maithai_mauren.jpeg', 'caption': {'de': 'Aussenansicht des Mai Thai Restaurants'}}];2025-10-20T14:54:06+02:00
7d3df5f5-eae7-4818-b3a4-32e74c452efd;Restaurant Kuro;Das Restaurant Kuro befindet sich an zentraler Lage in Schaan und bietet eine Auswahl an asiatischen und hawaiianischen Gerichten.;<p>Das Restaurant Kuro ist ein Fast-Casual-Restaurant-Konzept, das sich auf asiatische und hawaiianische Gerichte spezialisiert. Mit aktuell zwei Standorten in Buchs (Schweiz) und Schaan bietet das Restaurant Kuro unter anderem folgende Speisen an:</p><ul><li><strong>Poké Bowls</strong>, also ein hawaiianisches Gericht, welches die Wurzeln in der japanischen Küche hat und soviel wie «diagonal in Stückchen schneiden» bedeutet und meist mit rohem Fisch, Reis und Gemüse serviert wird</li><li><strong>Thai Gerichte</strong> wie z.B. verschiedene Currys und thailändische Gerichte beispielsweise mit Hähnchen, Ente oder auch vegan / vegetarisch</li><li><strong>Frisches Sushi</strong> wie z.B. Maki Rolls, California Rolls, Nigiri, bis hin zu Special Rolls</li><li><strong>Snacks</strong> wie Gyoza, Frühlingsrollen, Tempura Crevetten &amp; Edamame</li></ul>;9.50914978981018;47.16819228064153;Im Bretscha 7;9494;Schaan;+423 232 90 99;hello@Kuro-Restaurant.ch;https://www.kuro-restaurant.ch/;[{'@type': 'ImageObject', 'contentUrl': 'https://ltmpimtsoch.sos-ch-dk-2.exoscale-cdn.com/catalog/7/8/f/3/78f32f91e466e89f4af8ac26c1ced575a6da6eae_Kuro.jpeg', 'caption': {'de': 'Aussenansicht des Restaurant Kuro mit Tischen im Aussenbereich'}}];2026-07-16T09:49:03+02:00
87ff2765-c36d-4484-b216-00cb0fa47e2f;Restaurant Adler;Als Familienbetrieb in vierter Generation bewirtet der Traditionsbetrieb Restaurant Adler seine Gäste bereits seit 1908.;<p>&laquo;K&uuml;che und Heimat&raquo; ist das Motto des Restaurants Adler in Vaduz. Regionale K&uuml;che ist kein Trend, sie ist die ewige Konstante in der Esskultur. Nat&uuml;rlich hat sich die K&uuml;che der Alpen den neuen Einfl&uuml;ssen angepasst und die Kochtechniken weiterentwickelt und modernisiert. Das Team des Restaurants Adler geht den Weg der modernen Tradition und spezialisiert sich auf Kreationen aus regionalen Produkten.</p><p>Drei Innenr&auml;ume sowie eine sch&ouml;ne Terrasse bieten eine Sitzplatzkapazit&auml;t f&uuml;r rund 140 Personen.</p>;9.52095453445974;47.14129652268152;Herrengasse 2;9490;Vaduz;+423 232 21 31;info@adler.li;http://www.adler.li;[{'@type': 'ImageObject', 'contentUrl': 'https://ltmpimtsoch.sos-ch-dk-2.exoscale-cdn.com/catalog/7/e/2/4/7e246a851dd5cfb874e1292e6524cdf51c26bd1b_IMG_8405.jpeg', 'caption': {'de': 'Innenraum des Restaurant Adler', 'en': 'Restaurant Adler'}}];2026-04-08T14:55:04+02:00
913bebc4-8c72-4af4-99bf-c5877bb59fb7;Bäckerei Amann;Die Bäckerei Konditorei Amann liegt im Zentrum von Vaduz und lädt mit feinen Backwaren und Mittagsgerichten zum Geniessen vor Ort ein.;<p class="isSelectedEnd">Die B&auml;ckerei Konditorei Amann l&auml;dt nicht nur zum Mitnehmen, sondern auch zum Verweilen ein. Im gem&uuml;tlichen Innenbereich und auf den Sitzpl&auml;tzen im Aussenbereich kannst du t&auml;glich frische Backwaren, feine Konditoreispezialit&auml;ten und warme Mittagsgerichte direkt vor Ort geniessen.</p><p class="isSelectedEnd">Ob zum Fr&uuml;hst&uuml;ck, f&uuml;r eine Kaffeepause oder zum Mittagessen: Die entspannte Atmosph&auml;re ist ideal f&uuml;r einen kurzen Zwischenstopp beim Stadtbummel oder eine genussvolle Pause in Vaduz. Die Bestellung erfolgt in Selbstbedienung an der Theke, anschliessend kannst du deine Auswahl bequem am gew&uuml;nschten Platz geniessen.</p><p>Mit dem&nbsp;<span style="text-align: center;">&laquo;</span><a href="https://tourismus.li/angebote/freizeit/erlebnispass-2/all-inclusive-erlebnispass.html">ALL INCLUSIVE Erlebnispass</a><span style="text-align: center;">&raquo; erh&auml;ltst du hier 20% Rabatt auf einen einmaligen Einkauf.</span></p>;9.521402120590212;47.1387091037243;Äulestrasse 56;9490;Vaduz;+423 232 10 53;office@amann-ag.li;http://www.amann-ag.li;[{'@type': 'ImageObject', 'contentUrl': 'https://ltmpimtsoch.sos-ch-dk-2.exoscale-cdn.com/catalog/1/c/8/9/1c89cba738478360c14e67fd218b0c107844fc14_Amann3.jpg', 'caption': {'de': 'Blick auf den Verkaufsraum der Bäckerei Konditorei Amann mit gefüllter Theke', 'en': 'Bäckerei Konditorei Amann'}}];2026-09-11T10:04:18+02:00
92c80282-ba14-43af-80c2-f27f131c47e9;Restaurant Weinstube;Die Küche vom Restaurant Weinstube erfüllt alle Wünsche: Von feinen Fonduespezialitäten bis zum gediegenen Dinner für grössere Gesellschaften.;<p>Die saisonal geprägte Speisekarte bietet regionale und internationale Gerichte sowie traditionelle Fonduespezialitäten.</p><p>In der Weinstube wird grossen Wert auf einen verantwortungsbewussten Einkauf von lokalen Produkten gelegt.</p><p>Erlesene Weine aus dem reichhaltigen, hauseigenen Angebot machen das Abendessen in der Weinstube zum perfekten Genuss.</p>;9.543852210044863;47.19984966323448;Churer Strasse 10;9485;Nendeln;+423 377 17 78;office@weinstube.li;http://www.weinstube.li;[{'@type': 'ImageObject', 'contentUrl': 'https://ltmpimtsoch.sos-ch-dk-2.exoscale-cdn.com/catalog/a/e/3/a/ae3a44bc2b82eaa7056c214e524638a0fb3e6086_170422_Webseite_Weinstube_Vinothek_Schaechle_341.jpg', 'caption': {'de': 'Aussenansicht des Restaurant Weinstube mit Blumen im Vordergrund ', 'en': 'Restaurant Weinstube'}}];2026-09-11T15:50:46+02:00
98eec534-c288-4833-8310-d5ad93b2b17a;Red Mango;Im Red Mango geniessen Gäste authentisch thailändische Küche – frisch zubereitet, aromatisch gewürzt und inspiriert von den Aromen Südthailands.;<p>Im Red Mango erwartet G&auml;ste eine authentische kulinarische Reise nach Thailand. Die Gerichte werden frisch zubereitet und basieren auf traditionellen Rezepten, insbesondere aus dem s&uuml;dlichen Teil des Landes. Typisch f&uuml;r die K&uuml;che sind frische Kr&auml;uter und Gew&uuml;rze wie Thai-Basilikum, Limettenbl&auml;tter, Galgant, Chili, Minze oder Thai-Curry, die dem Essen seine charakteristische Tiefe und Ausgewogenheit verleihen.&nbsp;Die Speisen sind leicht, gesund und aromatisch, serviert mit Reis oder Nudeln. Wer die Vielfalt der thail&auml;ndischen K&uuml;che in hoher Qualit&auml;t erleben m&ouml;chte, ist im Red Mango bestens aufgehoben.</p>;9.52420771121979;47.11721572539516;Landstrasse 91;9495;Triesen;+423 392 55 88;info@redmango.li;https://www.redmango.li/;[{'@type': 'ImageObject', 'contentUrl': 'https://ltmpimtsoch.sos-ch-dk-2.exoscale-cdn.com/catalog/6/3/6/d/636dbf4d536b48ba284848977d7f75dc75fd664b_red_mango_thai_restaurant_triesen.jpeg', 'caption': {'de': 'Aussenansicht des Red Mango Restaurants'}}];2025-10-20T14:54:15+02:00
9d0491a0-7df8-46ce-ac41-061539d1063c;Gasthof Schäfle;Im Gasthof Schäfle in Triesen geniessen Gäste eine währschafte Küche in gemütlicher Atmosphäre.;<p>Im Gasthof Schäfle trifft gutbürgerliche Küche auf charmant-urchiges Ambiente.</p>;9.52495872974396;47.10832969918287;Landstrasse 266;9495;Triesen;+423 392 38 18;pichler@schaefle.li;http://www.schaefle.li;[{'@type': 'ImageObject', 'contentUrl': 'https://ltmpimtsoch.sos-ch-dk-2.exoscale-cdn.com/catalog/a/f/3/0/af3096bc387e9ade5b7e79f32301b4bc5874cc29_gasthof_schaefle.jpeg', 'caption': {'de': 'Aussenansicht des Gasthofs Schäfle'}}];2026-05-15T23:41:30+02:00
a741b918-db57-4b10-9bb3-9b0c65421ba6;Red Mango Thai Takeaway;Das Red Mango bietet authentische und frisch zubereitete Speisen der thailändischen Küche.;<p>Das Essen ist einzigartig und konzentriert sich auf authentische thailändische Aromen, die zum grössten Teil aus der südlichen Region Thailands stammen. Diese Küche ist leicht, gesund und ausgeglichen. Zu den Hauptgerichten gibt es Reis oder Nudeln.<br></p>;9.520490169525146;47.14121593721147;Schmedgass 2;9490;Vaduz;+423 392 55 88;info@redmango.li;https://www.redmango.li/vaduz2/;[{'@type': 'ImageObject', 'contentUrl': 'https://ltmpimtsoch.sos-ch-dk-2.exoscale-cdn.com/catalog/e/f/c/b/efcb54c5fe4b616492d250f5eb718ba11a959be5_redmango_vaduz.jpeg', 'caption': {'de': 'Aussenansicht des Red Mango Thai Takeaway', 'en': 'Red Mango Thai Takeaway'}}];2025-10-20T14:54:21+02:00
a95c3dd3-11d4-4fdc-a105-9d188070422e;Café Etagere;Das Café Etagere befindet sich im Zentrum von Vaduz und bietet ausgewählten Kaffee, Tee, Sandwiches, Suppen und Salate.;<p>Bei den Milchgetränken hat der Gast die Wahl zwischen Voll-, Soja-, Mager- sowie lactosefreier Milch. Dazu gibt es ofenfrische Brötchen, Croissants und eine gesunden Ecke. Als Imbiss hat das Café eine Auswahl an täglich frischen kalten und warmen Sandwiches sowie Salaten und im Winter Suppen. Süsses sowie Antipasti zum Bier oder Cüpli runden das Angebot ab.</p>;9.520576000213625;47.14165378715341;Herrengasse 8;9490;Vaduz;+423 232 22 09;cafe@greber-ag.li;https://www.greber-ag.li/Genusswelt;[{'@type': 'ImageObject', 'contentUrl': 'https://ltmpimtsoch.sos-ch-dk-2.exoscale-cdn.com/catalog/8/c/9/2/8c92a9fe8c28bcb89c7419ba0242d4e6241eb893_IMG_3363.jpeg', 'caption': {'de': ' Gemütliches Café in Vaduz'}}];2026-09-11T10:44:43+02:00
b565cbc7-5277-4ce3-926a-732cea198610;Restaurant Turna;Das Restaurant Turna ist weit über die Grenzen Liechtensteins bekannt – und das aus gutem Grund. ;<p>Hier steht der Chef pers&ouml;nlich in der K&uuml;che und kreiert spitzengastronomische Gerichte aus gesunden, regionalen Zutaten.</p><p data-start="226" data-end="481" data-is-last-node="" data-is-only-node="">K&ouml;stliche heimische Spezialit&auml;ten und verlockende internationale Kreationen kommen frisch auf den Tisch und machen jedes Essen zu einem Genussmoment. Dazu ein gutes Glas Wein und ein wunderbares Ambiente &ndash; perfekt f&uuml;r alle, die mit Leidenschaft geniessen.</p>;9.610810875892641;47.10108906089811;Im Malbun 55;9497;Malbun;+423 265 50 40;info@turna.li;http://www.turna.li;[{'@type': 'ImageObject', 'contentUrl': 'https://ltmpimtsoch.sos-ch-dk-2.exoscale-cdn.com/catalog/a/e/e/a/aeead679efb1dfe27fdb5930b17c91691e4a01e1_Hotel_Turna_Aussenansicht_Sommer.jpg', 'caption': {'de': 'Aussenansicht des Restaurants Turna mit Sommerterrasse', 'en': 'Restaurant Turna'}}];2026-08-11T14:51:49+02:00
b9a6a19b-366c-4fc6-9a0a-d92e5fe3cbe8;Gsund & munter;Genuss trifft Gesundheit - junges, modernes Take-Away-Restaurant in Gamprin-Bendern, wo gesundes Essen einfach, gut und abwechslungsreich zubereitet wird. ;<p>Es werden haupts&auml;chlich regionale und saisonale Zutaten verwendet - f&uuml;r maximale Frische und Geschmack. Die Gerichte sind von der traditionellen K&uuml;che inspiriert, um Gesundheit und Genuss zu vereinen.&nbsp;</p><p>In einem gem&uuml;tlichen Ambiente kannst du das Essen auch vor Ort im modern eingerichteten Gastraum zu dir nehmen.&nbsp;</p>;Eschner Strasse 62;9487;Gamprin-Bendern;+423 340 83 38;info@gsund.li;https://www.gsundundmunter.li/;[{'@type': 'ImageObject', 'contentUrl': 'https://ltmpimtsoch.sos-ch-dk-2.exoscale-cdn.com/catalog/1/b/0/b/1b0bd4dd4729a15f8272af856ba2b222dfc111b3_Theke.jpg', 'caption': {'de': 'Vielfältige Gerichte im «Gsund & munter»'}}];2026-09-11T11:27:50+02:00
bafcdd1c-afe6-4138-8609-053b0e548151;Dorfbeck Dörig;Der Vaduzer Traditionsbetrieb stellt leckeres Brot und Feingebäck in der hauseigenen Backstube her.;9.522748589515688;47.14219017079915;Altenbach 14;9490;Vaduz;+423 232 10 74;vaduz@dorfbeck-doerig.li;[{'@type': 'ImageObject', 'contentUrl': 'https://ltmpimtsoch.sos-ch-dk-2.exoscale-cdn.com/catalog/c/5/8/a/c58a0a82d763ff7a9c697494febab5ae93dd6d6d_dorfbeck_doerig_vaduz.jpeg', 'caption': {'de': 'Aussenansicht des Dorfbeck Dörig'}}];2025-10-20T15:27:20+02:00
bc230825-9fcc-4dd7-b5da-a3309af47a38;Liechtensteinisches SchlossCafé;Das SchlossCafé befindet sich im Liechtensteinischen LandesMuseum und bietet täglich frische Kuchen mit Kaffee oder Tee in einem stilvoll eingerichteten Ambiente.;<p data-start="427" data-end="644">Bei sch&ouml;nem Wetter l&auml;dt das Gartencaf&eacute; zum Verweilen ein. F&uuml;r Familien bietet das Caf&eacute; eine Kinderoase, in der sich die kleinen G&auml;ste spielerisch austoben k&ouml;nnen.</p><p data-start="646" data-end="847">Ein besonderes Highlight ist der beliebte WaffelSonntag: Jeweils am 1. und 2. Sonntag im Monat werden von 10:00 bis 17:00 Uhr frisch gebackene Waffeln serviert.</p><p data-start="849" data-end="1023">Das SchlossCaf&eacute; ist auch ohne Eintritt ins Liechtensteinische LandesMuseum zug&auml;nglich und eignet sich perfekt f&uuml;r eine Pause beim Besuch der Vaduzer Museums- und Kulturmeile.</p>;9.522668123245241;47.13818057952994;Städtle 43;9490;Vaduz;+423 239 68 20;info@landesmuseum.li;https://www.landesmuseum.li/de/landesmuseum-besuch-schlosscafe#;[{'@type': 'ImageObject', 'contentUrl': 'https://ltmpimtsoch.sos-ch-dk-2.exoscale-cdn.com/catalog/8/f/0/4/8f04d6526dbf7f205806567a79707f52caf2bb6f_Liechtensteinisches_LandesMuseum_Vaduz.jpeg', 'caption': {'de': 'Aussenansicht des Liechtensteinischen LandesMuseum'}}];2025-10-20T14:57:12+02:00
c0028185-293a-4ec4-9382-cac19a221bff;Restaurant Forum;Das Restaurant Forum ist bekannt für seine währschafte Küche. Im Sommer lädt die Terrasse draussen zum Verweilen ein.;<p>Auf der Speisekarte stehen Klassiker wie Schnitzel, Cordon Bleu und Kalbsgeschnetzeltes mit Rösti. Zum Dessert werden verschiedene Coupes und andere süsse Leckereien angeboten.</p>;9.507063031196596;47.15710424723084;Gapetschstrasse 87;9494;Schaan;+423 232 57 10;https://www.facebook.com/RestaurantForumSchaan/;[{'@type': 'ImageObject', 'contentUrl': 'https://ltmpimtsoch.sos-ch-dk-2.exoscale-cdn.com/catalog/5/a/8/e/5a8edf58ec3aae621749457e3e7585c5a9729230_restaurant_forum_schaan.jpeg', 'caption': {'de': 'Aussenansicht des Restaurants Forum'}}];2026-05-15T23:41:56+02:00
c60545ec-1e01-4daa-8491-1acb038c3b4f;TANG Restaurant;Das TANG vereint traditionelle chinesische Küche mit regionalen Zutaten - ein authentisches Geschmackserlebnis in gastfreundlicher Atmosphäre.;<p>Das TANG Restaurant in Ruggell lädt zu einer kulinarischen Reise durch die traditionelle chinesische Küche ein. Die Gerichte werden mit frischen, saisonalen Gemüsesorten und hochwertigen Fleischprodukten aus der Region kombiniert, um ein harmonisches Geschmackserlebnis zu schaffen. In einem einladenden Ambiente wird grosser Wert auf Gastfreundschaft gelegt, während sorgfältig zubereitete Spezialitäten serviert werden.</p>;9.526909452743533;47.24214621365317;Dorfstrasse 29;9491;Ruggell;+423 231 11 68;info@tang-restaurant.com;http://www.tang-restaurant.com;[{'@type': 'ImageObject', 'contentUrl': 'https://ltmpimtsoch.sos-ch-dk-2.exoscale-cdn.com/catalog/c/7/0/d/c70dc4daade7f4f26e0a3aa951f78506bd0adad1_tang_restaurant_ruggell.jpeg', 'caption': {'de': 'Aussenansicht des TANG Restaurants'}}];2025-10-20T14:54:31+02:00
d9c0c311-2a3f-4067-adec-b9534063e3cd;Restaurant Pedroni;Das Restaurant für frische, saisonale und regionale Speisen im Herzen von Triesen.;<p>Marco kocht für dich feine saisonale und regionale Gerichte, ob für traute Zweisamkeit oder in geselliger Runde. Ingo mixt feine Hauscocktails und berät dich gerne bei der Weinauswahl.</p><p>Mittags hast du die Wahl zwischen verschiedenen Hauptgerichten. Abends erwarten dich feine Köstlichkeiten aus Marcos Küche.</p>;9.525361061096193;47.108344301751806;Landstrasse 261;9495;Triesen;+423 370 11 88;info@pedroni.li;https://www.pedroni.li/index.html;[{'@type': 'ImageObject', 'contentUrl': 'https://ltmpimtsoch.sos-ch-dk-2.exoscale-cdn.com/catalog/8/d/7/4/8d7414b82423df37473be633adf5fcf49be07e23_restaurant_pedroni_triesen.jpeg', 'caption': {'de': 'Aussenansicht des Restaurants Pedroni'}}];2025-10-20T14:54:38+02:00
e583b332-e98c-49e0-bdb4-f76367838210;Bäckerei Wüst Balzers;Die Bäckerei und das dazugehörige Café befinden sich im Roxy Center in Balzers.;<p>Neben ofenfrischen Broten und Kleingeb&auml;ck bietet die B&auml;ckerei eine feine Auswahl an Sandwiches, Salaten und s&uuml;ssen Desserts. Wer Schokolade liebt, wird hier ebenso f&uuml;ndig wie Kaffee-Liebhaber. In der Gelateria warten saisonale Glacesorten, und f&uuml;r kleine Aufmerksamkeiten stehen s&uuml;sse Geschenkideen bereit.</p>;9.512309432029726;47.07555101549962;Landstrasse 20;9496;Balzers;+423 399 88 22;[{'@type': 'ImageObject', 'contentUrl': 'https://ltmpimtsoch.sos-ch-dk-2.exoscale-cdn.com/catalog/9/a/9/7/9a97dc3e4b6fe969897414a54ea8065df7d49acb_baeckerei_wuest_balzers.jpeg', 'caption': {'de': 'Eingang der Bäckerei Wüst'}}];2025-10-20T14:54:39+02:00
f4a91747-0d0f-4f48-8355-58ce90b51d62;Landgasthof Mühle;Genuss und Geselligkeit steht hier an erster Stelle.;<p>Im Landgasthof R&ouml;ssle trifft regionale K&uuml;che auf moderne, kreative Ideen. Viele Zutaten kommen direkt von Produzenten aus der Region und werden saisonal ausgew&auml;hlt. Dazu pr&auml;gen viel Holz und gelebte Gastfreundschaft den Charakter des Hauses.</p>;9.510748386383058;47.15478836282747;Landstrasse 120;9490;Vaduz;+423 340 89 00;info@muehle.li;https://muehle.li/;[{'@type': 'ImageObject', 'contentUrl': 'https://ltmpimtsoch.sos-ch-dk-2.exoscale-cdn.com/catalog/f/4/5/f/f45f0d84ed38c19b5b1b231ac6dadf696a7c40a6_DSC_2234.jpg', 'caption': {'de': 'Aussenansicht des Landgasthofs Mühle'}}];2026-08-14T14:32:18+02:00
f6c92735-fbaa-4637-9fcf-a03d371b343c;Restaurant Vibes;Vibes steht für Frische, Qualität und Kreativität.;<p>Das Vibes bietet eine vielfältige Auswahl an gesunden Speisen – von Bowls und Wraps bis hin zu Burgern und Kebab, täglich frisch zubereitet. Auch für vegetarische Gäste gibt es eine grosse Auswahl an frischen Salaten, Gemüsebowls und vegetarischen Wraps.</p>;9.509514570236208;47.16720757908152;Bahnhofstrasse 1;9494;Schaan;+423 232 14 04;hello@vibes-restaurants.ch;http://www.vibes-restaurants.ch/;[{'@type': 'ImageObject', 'contentUrl': 'https://ltmpimtsoch.sos-ch-dk-2.exoscale-cdn.com/catalog/9/1/9/2/9192da611fd5ccf4e8bd06d6ba376a72a68b0267_vibes_schaan.jpeg', 'caption': {'de': 'Aussenansicht des Restaurants Vibes mit Terrasse'}}];2025-10-20T14:54:47+02:00
