id;name;disambiguatingDescription;description;longitude;latitude;streetAddress;postalCode;addressLocality;telephone;email;url;image;dateModified019149c0-3ffb-4bee-ae42-6ccd302e9242;Restaurant Seeblick;Das Restaurant Seeblick liegt an idyllischer Lage im Bergort Steg.;<p>Das Restaurant serviert eine gutbürgerliche Küche in gemütlicher Atmosphäre. Auf der Speisekarte stehen Klassiker wie «Käsknöpfle», Rösti und Schnitzel.</p>;9.576081633567812;47.10868778131608;Valünastrasse 42;9497;Triesenberg;+41 79 218 30 79;info@anka-gastro.li;https://www.seeblick.li/;[{'@type': 'ImageObject', 'contentUrl': 'https://ltmpimtsoch.sos-ch-dk-2.exoscale-cdn.com/catalog/e/a/3/d/ea3d0c6c92edd624f0eb6c1aa35d6d3005ea88f8_restaurant_seeblick_steg_liechtenstein.jpeg', 'caption': {'de': 'Aussenaufnahme des Restaurant Seeblick'}}];2026-09-22T14:12:38+02:00
093f022f-a08c-421b-b445-f73c7a91c4b2;Restaurant Kulm;Das Restaurant Kulm bietet frisch zubereitete Speisen und ausgewählte Weine mit Blick auf das Rheintal.;<p>Das Restaurant Kulm liegt auf 880 m &uuml;. M. im gleichnamigen Hotel in Triesenberg und bietet eine einzigartige Kombination aus kulinarischem Genuss und idyllischer Bergkulisse &uuml;ber dem Rheintal. Besonders der Wintergarten begeistert mit einer der sch&ouml;nsten Aussichten im F&uuml;rstentum &ndash; ein Ort, an dem sich regionale Spezialit&auml;ten und saisonale Gerichte in entspannter Atmosph&auml;re besonders gut geniessen lassen.</p>;9.542742774984024;47.11828387074247;Schlossstrasse 3;9497;Triesenberg;+423 237 79 79;info@hotelkulm.li;http://www.hotelkulm.li;[{'@type': 'ImageObject', 'contentUrl': 'https://ltmpimtsoch.sos-ch-dk-2.exoscale-cdn.com/catalog/0/5/b/9/05b935962f695ec7646250246dbcb392baa404f4_restaurant_hotel_kulm_triesenberg.jpeg', 'caption': {'de': 'Aussenaufnahme des Restaurant Kulm'}}];2026-09-22T13:57:04+02:00
096c0849-bef8-4e5f-8c0f-3c8e720bfdb9;Restaurant kommod;Das unkomplizierte und moderne Restaurant in Ruggell lädt zum Frühstück, Znüni oder Mittagessen ein.;<p>Du wirst das reichhaltige Frühstücksbuffet, die leckere Jause am Vormittag und das täglich wechselnde Mittagsmenü lieben.</p><p>Das Restaurant bietet Platz für rund 100 Personen – in Kombination mit dem angrenzenden Restaurant «tenn» können hier bis zu 160 Gäste Firmenfeiern oder private Events geniessen.</p>;9.527982607184045;47.248690142121966;Industriering 14;9491;Ruggell;+423 377 37 77;hotel@kommod.li;http://www.kommod.li;[{'@type': 'ImageObject', 'contentUrl': 'https://ltmpimtsoch.sos-ch-dk-2.exoscale-cdn.com/catalog/d/7/3/3/d733fc5cfe25504e7e8feb47140f5ff63636dac6_kommod_hotel_restaurant_ruggell_liechtenstein.jpeg', 'caption': {'de': 'Aussenaufnahme des Restaurant kommod', 'en': 'Restaurant kommod'}}];2026-09-24T12:52:33+02:00
1487ded2-a655-4475-a5ac-b0ff429ed86a;Restaurant Lisbeth;Italo-asiatische Küche trifft auf Ruhe, Weitblick und Genuss.;<p class="_28USrA GEC0sA XN6uKA"><span class="a_GcMg">Im&nbsp;Kloster St. Elisabeth in Schaan&nbsp;empf&auml;ngt das&nbsp;Restaurant Lisbeth<span class="a_GcMg"> seine G&auml;ste an&nbsp;einem Ort, der Ruhe, Weite und Genuss verbindet.</span></span></p><p class="_28USrA GEC0sA XN6uKA"><span class="a_GcMg">K&uuml;chenchef und Gastgeber Stephan Forsil&nbsp;</span><span class="a_GcMg">vereint in seiner italo-asiatischen K&uuml;che feine Aromen, moderne Leichtigkeit und handwerkliche Pr&auml;zision. Verarbeitet werden hochwertige Produkte sowie frische, erlesene Kr&auml;uter direkt aus dem Klostergarten - klar, aromatisch und voller Geschmack.</span></p><p class="_28USrA GEC0sA XN6uKA"><span class="a_GcMg">Dazu kommen sorgf&auml;ltig ausgew&auml;hlte Weine, Kaffeespezialit&auml;ten aus der kleinen Manufaktur eines befreundeten R&ouml;sters und</span> <span class="a_GcMg">der unvergleichliche Blick auf das&nbsp;Schweizer Alpenpanorama.</span></p>;9.519867897033693;47.16673710340733;Duxgass 55;9494;Schaan;+41 78 695 4406;hello@restaurantlisbeth.li;https://restaurantlisbeth.li/;[{'@type': 'ImageObject', 'contentUrl': 'https://ltmpimtsoch.sos-ch-dk-2.exoscale-cdn.com/catalog/7/b/1/5/7b158f0776f1caa50a726a96f4e96c684c507533_restaurant_lisbeth_kloster_schaan.jpeg', 'caption': {'de': 'Aussenaufnahme des Restaurant Lisbeth', 'en': 'RUUF'}}];2026-09-24T13:28:47+02:00
1a46f8fc-170f-4fd8-a397-7354f7bb6739;Berggasthaus MATU;Im Berggasthaus Matu auf 1450 m ü. M. gibt es Köstlichkeiten und eine atemberaubende Aussicht auf das Rheintal.;<p>Wenn du nach einem Ort suchst, der nicht nur köstliche&nbsp;Bio-Gerichte&nbsp;serviert, sondern auch inmitten atemberaubender Natur liegt, dann heisst dich das Matu herzlich willkommen. Das Team freut sich darauf, dich in dem idyllisch gelegenen&nbsp;Berggasthaus Matu begrüssen zu dürfen und dir unvergessliche Erlebnisse zu bereiten.</p> <p>Das Berggasthaus Matu bietet nicht nur eine kulinarische Oase mit&nbsp;Bio-Spezialitäten, sondern auch eine wahre Naturoase. Von der Panorama-Terrasse aus kannst du den Blick über das malerische Rheintal schweifen lassen und die majestätische Alvierkette bewundern. Hier, umgeben von unberührter Natur, kannst du herrlich entspannen und neue Energie tanken.</p>;9.544324590083011;47.138444395759215;Matustrasse 4;9497;Gaflei;+423 788 14 00;info@matu.li;http://www.matu.li/;[{'@type': 'ImageObject', 'contentUrl': 'https://ltmpimtsoch.sos-ch-dk-2.exoscale-cdn.com/catalog/a/a/8/3/aa83b3db75329f72dae9f3e3ae32a76d2fa6ee00_berggasthaus_matu_gaflei_liechtenstein.jpeg', 'caption': {'de': 'Sonnenterrasse des Berggasthaus MATU mit Panoramablick über das Rheintal', 'en': 'Berggasthaus Matu'}}];2026-09-22T14:05:19+02:00
23aed662-7956-417f-b8b5-9431c4c09789;Jägerstube zum Kreuz;Auf dem Stotz im Schellenberg befindet sich ein kleines feines Wirtshaus: die Jägerstube Zum Kreuz.;<p>Die Jägerstube Zum Kreuz ist weitherum bekannt für die schöne Gaststube und den herrlichen Biergarten mit Aussicht auf die Dreischwestern-Bergkette und den Hohen Kasten.</p>;9.54689383506775;47.22957575081231;Stotz 15;9488;Schellenberg;+423 373 29 93;info@kreuz.li;http://www.kreuz.li;[{'@type': 'ImageObject', 'contentUrl': 'https://ltmpimtsoch.sos-ch-dk-2.exoscale-cdn.com/catalog/f/1/8/5/f18585573fb4e158245b733933bacbdbd16a2ec8_jaegerstube_zum_kreuz_schellenberg.jpeg', 'caption': {'de': 'Aussenansicht der Jägerstube zum Kreuz'}}];2025-10-20T14:53:42+02:00
25477eff-8659-4d8b-9911-111abd0d694e;Georg Brot & Kaffee;Das Georg ist ein Café und eine Bäckerei im Herzen von Eschen. Zur Mittagszeit stehen verschiedene Menüs zur Auswahl.;<p>Ein perfekter Cappuccino entsteht, wenn Espresso, frische Milch und cremiger Milchschaum harmonisch zusammenspielen. Bei Georg Brot &amp; Kaffee zaubern erfahrene Baristas kunstvolle Cappuccinos &ndash; auch bekannt als &laquo;Latte Art&raquo;.</p><p>F&uuml;r das feine Geb&auml;ck in der Patisserie kommen nur die besten Zutaten zum Einsatz: aromatische Beeren, saftige Aprikosen, knackige &Auml;pfel und s&uuml;sse Kirschen. Ob eckig, rund oder in besonderen Gr&ouml;ssen &ndash; luftige Quarktorten, cremige Rahmtorten oder klassische Zuger Kirschtorten machen jede Kaffeepause zum Genuss.</p><p>Von Montag bis Freitag zwischen 11:30 und 13:00 Uhr gibt es zudem k&ouml;stliche Mittagsmen&uuml;s. Die Karte bietet eine zus&auml;tzliche Auswahl.</p>;9.523075819015505;47.21244102030644;St. Martins-Ring 3;9493;Eschen;+423 375 02 12;hoi@georg.li;https://www.georg.li/;[{'@type': 'ImageObject', 'contentUrl': 'https://ltmpimtsoch.sos-ch-dk-2.exoscale-cdn.com/catalog/f/9/1/d/f91df79b99385e78ba5db48ab90e5bde8829704f_georg_brot_kaffee_eschen_liechtenstein.jpeg', 'caption': {'de': 'Aussenaufnahme von Georg Brot & Kaffee'}}];2026-09-24T13:26:25+02:00
28fa0ecb-c1a2-4035-99c2-0e40291b5168;b_smart restaurant;Geniesse leckeres Essen auf hohem Niveau. Das b_smart bar & restaurant befindet sich im b_smart hotel in Bendern.;<p><span style="text-align: center;">Hier sind Hotelgäste genauso willkommen wie Locals – zum Geschäftsessen oder zum gemütlichen Abschluss des Tages, auf einen Cocktail, ein Glas Wein oder auf ein Feierabendbier.</span></p><p><span style="text-align: center;">Die Menükarte überzeugt mit einer Auswahl an Klassikern wie dem&nbsp;</span><span style="box-sizing: inherit; text-align: center;">b_smart-Burger</span><span style="text-align: center;">&nbsp;mit Trüffel Fries und der&nbsp;</span><span style="box-sizing: inherit; text-align: center;">hausgemachten Pasta</span><span style="text-align: center;">&nbsp;oder regelmässig wechselnden saisonalen Highlights.</span><br></p>;9.502051063802105;47.20533694585859;Selemad 12;9487;Gamprin-Bendern;+423 230 47 49;bendern@smartgastro.li;https://www.b-smarts.net/bendern/restaurant;[{'@type': 'ImageObject', 'contentUrl': 'https://ltmpimtsoch.sos-ch-dk-2.exoscale-cdn.com/catalog/f/0/4/9/f0494bad92c4807a461cb03e2714b033e6ef36e0_b_smart_restaurant_bendern_liechtenstein.jpeg', 'caption': {'de': 'Aussenaufnahme des b_smart hotel in Bendern', 'en': 'b_smart bar & restaurant'}}];2026-09-24T13:53:32+02:00
292d0fb8-7b47-45fd-bbea-4aed789cfc49;Restaurant Gasthaus Krone;Das Restaurant ist nur für vorbestellte Gruppen und Hotelgäste geöffnet.;<p>Unter dem Schatten eines pr&auml;chtigen Kastanienbaums entspannen und den Sommer in vollen Z&uuml;gen geniessen: Die Gartenterrasse des Landgasthofs Krone in Schellenberg ist der perfekte Ort daf&uuml;r.</p><p>Freu dich auf eine gutb&uuml;rgerliche K&uuml;che mit regionalen Spezialit&auml;ten. Besonders empfehlenswert: Grillabende mit saftigen Spareribs vom Holzkohlengrill.</p>;9.547001123428347;47.231367977011566;Dorf 36;9488;Schellenberg;+423 373 11 68;krone.schellenberg@supra.net;http://www.hotelkrone.li;[{'@type': 'ImageObject', 'contentUrl': 'https://ltmpimtsoch.sos-ch-dk-2.exoscale-cdn.com/catalog/2/5/9/1/2591823b9ca32be246ff47811f55191b11a63beb_restaurant_gasthaus_krone_schellenberg.jpeg', 'caption': {'de': 'Aussenaufnahme des Restaurant Gasthaus Krone', 'en': 'Restaurant Gasthaus Krone'}}];2026-09-24T13:04:20+02:00
30707859-1c9a-49e9-a900-b5f261068150;Restaurant Falknis;Das Restaurant und die Metzgerei Falknis ist ein Familienunternehmen in der mittlerweile dritten Generation.;<p>Im gemütlich eingerichteten Restaurant wirst du mit gutbürgerlicher Küche verwöhnt. Das Team serviert dir gerne hochwertige Fleischspezialitäten aus eigener Produktion, die du auch direkt im Metzgereifachgeschäft erwerben kannst.</p>;9.49602596473949;47.06054229851574;Prär 1;9496;Balzers;+423 384 17 02;office@falknis.li;https://www.falknis.li/restaurant.html;[{'@type': 'ImageObject', 'contentUrl': 'https://ltmpimtsoch.sos-ch-dk-2.exoscale-cdn.com/catalog/1/6/d/5/16d5367f0bcc664f0b5b3ea5e9cfbbcc493f461f_restaurant_falknis_balzers.jpeg', 'caption': {'de': 'Aussenansicht des Restaurants Falknis'}}];2026-06-13T22:01:59+02:00
35b3f8ec-4334-434f-8691-33bf5d52a16a;Made in Italy;Das Restaurant Made in Italy ist besonders bekannt für seine original italienischen Pastagerichte und seine Patisserie. Pizza gibt es jeweils am Samstag.;<p>Italienisches Flair mitten in Vaduz: Köstliches Essen und gemütliche Atmosphäre laden inländische und ausländische Gäste zum Geniessen ein.</p>;9.520243406295778;47.14161724387356;Herrengasse 9;9490;Vaduz;+423 230 23 45;info@made-in-italy.li;http://www.made-in-italy.li;[{'@type': 'ImageObject', 'contentUrl': 'https://ltmpimtsoch.sos-ch-dk-2.exoscale-cdn.com/catalog/e/d/5/0/ed50e8893a31b008ca816a4c24d4cde38f5b5f57_image00001.jpeg', 'caption': {'de': 'Aussenaufnahme des «Made in Italy»'}}];2026-09-22T11:50:49+02:00
37dae97e-639a-45a8-8d53-d32ad0ead8a2;Balu Bäckerei Konditorei;Das «Balu» liegt im Vaduzer Städtle und bietet neben feinen Backwaren auch ein abwechslungsreiches Angebot für ein unkompliziertes Mittagessen.;<p>Das helle Ambiente lädt ein, ein Frühstück mit feinem Espresso, ein Mittagessen oder ein Stück Torte zu geniessen. Das Angebot an Brotprodukten, Patisserie und Sandwiches ist gross. Zudem sind täglich frische Salate, Wraps und Convenience Menus erhältlich.</p>;9.52284932380162;47.14051281744882;Städtle 17;9490;Vaduz;+423 233 33 73;balu@thoeny.li;http://www.baluvaduz.li;[{'@type': 'ImageObject', 'contentUrl': 'https://ltmpimtsoch.sos-ch-dk-2.exoscale-cdn.com/catalog/1/1/2/9/11297b88555eeb33901c3ddf09c8dfe2e8cb63cf_balu.jpeg', 'caption': {'de': 'Aussenansicht der Balu Bäckerei Konditorei mit gemütlicher Terrasse', 'en': 'Balu Bäckerei Konditorei'}}];2026-09-11T10:26:48+02:00
3f8f1243-9710-4a72-8ad2-12fff80c0008;Dolce Gusto;Das Dolce Gusto bietet frische Pasta, Holzofenpizzen, Fisch und Fleisch in typisch italienischem Ambiente – mit gemütlicher Terrasse im Innenhof.;<p>Das Ristorante &amp; Pizzeria Dolce Gusto begeistert mit einer täglich frischen Auswahl an Pasta, knusprigen Pizzen aus dem Holzofen, sowie Fisch- und Fleischgerichten. Das Restaurant bietet Platz für 150 Gäste in einem modernen, typisch italienischen Ambiente. In den warmen Monaten erweitert die Terrasse im Innenhof das Platzangebot und lädt zum entspannten Genuss ein.</p>;9.508296847343447;47.16565756092783;Poststrasse 27;9494;Schaan;+423 230 04 94;booking@ristorantedolcegusto.li;https://ristorantedolcegusto.li/;[{'@type': 'ImageObject', 'contentUrl': 'https://ltmpimtsoch.sos-ch-dk-2.exoscale-cdn.com/catalog/7/f/0/0/7f00fccd2fe4f158930d5e3d7f04034cce60e588_dolce_gusto_schaan_restaurant.jpeg', 'caption': {'de': 'Aussenaufnahme des Dolce Gusto', 'en': 'Ristorante & Pizzeria Dolce Gusto'}}];2026-09-24T13:38:25+02:00
41621cc9-56f3-4a0f-8cdc-91ca476452ec;KOKON Restaurant;Im KOKON Restaurant ist alles darauf ausgerichtet die Sinne zu wecken: Die Architektur der Räume, die Komposition am Teller, die Sinnlichkeit im Glas.;<p>Die internationale Küche im KOKON verspricht globalen Genuss mit lokalen Spezialitäten. Dank der Showküche des Restaurants kannst du den Küchenchefs bei der Zubereitung ihrer Kreationen jederzeit über die Schulter blicken. Das Restaurant ist ein idealer Treffpunkt zu jeder Gelegenheit – für ein anregendes Mittagsessen als willkommene Pause, das wohl verdiente Bier mit Freunden nach der Arbeit, oder das stimmungsvolle Dinner mit erlesenen Weinen und Lavasteingrill am Abend.</p>;9.52668070793152;47.24928683800602;Industriering 3;9491;Ruggell;+423 373 43 43;office@restaurant-kokon.li;http://www.kokon-restaurant.li;[{'@type': 'ImageObject', 'contentUrl': 'https://ltmpimtsoch.sos-ch-dk-2.exoscale-cdn.com/catalog/6/8/9/9/689912a5d9d65ae1b1b031c4a43f4258654e920a_kokon_restaurant_ruggell_liechtenstein.jpeg', 'caption': {'de': 'Aussenaufnahme des KOKON Restaurant', 'en': 'Restaurant Kokon'}}];2026-09-24T13:01:16+02:00
42c9a17a-c7c4-4083-a8bc-92b09e92622f;Pizzeria il Salento;Die Pizzeria il Salento ist ein Geheimtipp für Pizzaliebhaber.;<p>Die Pizzaria il Salento liegt an der Hauptstrasse in der Gemeinde Triesen. Bekannt ist das Lokal für seine riesigen Pizzas, die mit ihrem hauchdünnen und knusprigen Boden eine wahre italienische Gaumenfreude sind.</p>;9.524062992885353;47.11693398998602;Landstrasse 93;9495;Triesen;+41 79 689 10 90;ilsalento.triesen@gmail.com;https://www.ilsalento.li/;[{'@type': 'ImageObject', 'contentUrl': 'https://ltmpimtsoch.sos-ch-dk-2.exoscale-cdn.com/catalog/2/0/8/6/2086078c55cbd1257f576405e6952b2b503a5730_pizzeria_il_salento_triesen.jpeg', 'caption': {'de': 'Aussenaufnahme der Pizzeria il Salento'}}];2026-09-22T13:09:52+02:00
46c2753d-c7b0-4338-bc5e-569dfc7bf2da;Zwei Bar & Lounge;Die Zwei Bar liegt im Herzen von Vaduz. Coole Drinks, heisse Beats und besondere Events – das ganze Jahr über.;<p data-start="159" data-end="401">Seit 2004 ist die Bar&nbsp;der Place-to-be in Vaduz. Ob DJ-Sounds am Wochenende, Sommerfeeling in der Outdoor-Bar oder winterlicher Charme in der Zweinachtsbar mit Glühwein und Raclette – hier ist immer etwas los.</p>;9.521766944334704;47.1392976319315;Äulestrasse 45;9490;Vaduz;+41 79 625 36 00;info@zwei.li;http://www.zwei.li/#!about;[{'@type': 'ImageObject', 'contentUrl': 'https://ltmpimtsoch.sos-ch-dk-2.exoscale-cdn.com/catalog/6/2/a/f/62af15b9f6a56a782bee2b79ebd13d9edba0c602_zwei_bar_lounge_vaduz.jpeg', 'caption': {'de': 'Aussenaufnahme der Zwei Bar & Lounge', 'en': 'Zwei Bar & Lounge'}}];2026-09-22T12:50:55+02:00
48e9d296-7a41-43d5-809d-32ac4c77e9a6;LUDWIGS – Café am Sonnenplatz;Das LUDWIGS ist ein Ort zum Erholen und Zusammenkommen mitten im Herzen von Triesen.;<p>Geniesse ein Frühstück, einen Kaffee mit köstlichem Kuchen oder entdecke eine Auswahl an Speisen für den Genuss vor Ort oder  unterwegs. Das warme Ambiente lädt zu entspannten Momenten ein.</p>;9.525350332260134;47.10916232934824;Landstrasse 251;9495;Triesen;+423 392 20 07;ludwigs@fl1.li;https://ludwigs.li/;[{'@type': 'ImageObject', 'contentUrl': 'https://ltmpimtsoch.sos-ch-dk-2.exoscale-cdn.com/catalog/c/e/5/e/ce5e22d8bd042af22b730579e7a398a1debc3a11_ludwigs_cafe_sonnenplatz_triesen.jpeg', 'caption': {'de': 'Aussenaufnahme des LUDWIGS'}}];2026-09-22T13:12:21+02:00
4b6176fd-5f48-46c5-8e3e-b0a50fb78c1b;Restaurant Schneeflucht;Das Restaurant Schneeflucht befindet sich direkt am Skilift Schneeflucht in Malbun.;<p>In der gemütlichen Gaststube oder auf der Sonnenterrasse lässt es sich bestens entspannen, während man die Bergwelt geniesst. Die wechselnden Tagesangebote sorgen für Abwechslung und auf der Speisekarte finden sich auch beliebte Gerichte für Kinder – perfekt für eine Stärkung nach dem Pistenvergnügen.</p><p>Das Restaurant ist ein reiner Winterbetrieb und ist nur während der Skisaison offen.</p>;9.599508047103884;47.109530878671784;9497;Malbun;+423 262 40 50;restaurant@schneeflucht.li;https://www.schneeflucht.li/;[{'@type': 'ImageObject', 'contentUrl': 'https://ltmpimtsoch.sos-ch-dk-2.exoscale-cdn.com/catalog/3/3/6/1/3361f5967dc95120f8cf8fdd2e9d8f170e990f83_restaurant_schneeflucht_malbun_liechtenstein.jpeg', 'caption': {'de': 'Aussenaufnahme des Restaurant Schneeflucht'}}];2026-09-22T14:15:30+02:00
4bf92b3a-5798-476c-9eaa-7575823fe7d8;Berggasthaus Masescha;Das Berggasthaus Masescha liegt rund 1200 m ü. M. in Masescha oberhalb von Triesenberg und begeistert Gäste mit einer Küche, die mit 13 Gault-Millau-Punkten ausgezeichnet ist.;<p>Das Restaurant lockt mit zwei typischen Walserstübli, einem Speisesaal und einer Sonnenterrasse, die einen spektakulären Blick auf das Rheintal und die Bergwelt eröffnet.&nbsp;</p><p>Auf der Karte findet man wechselnde saisonale Gerichte aus vorwiegend regionalen Zutaten. Die beliebten&nbsp;«Masescha» Klassiker, wie das Geschnetzelte mit Rösti, das Wiener Schnitzel oder das Cordon Bleu sind immer erhältlich. Über die Grenzen bekannt ist «Maria’s gedeckter Apfelkuchen», dessen Rezept seit vielen Jahren ein streng gehütetes Familiengeheimnis ist.</p><p>Das Berggasthaus eignet sich für Sitzungen und Anlässe jeglicher Art.</p>  ;9.543678589739589;47.131928756890275;Maseschastrasse 48;9497;Masescha;+423 262 23 37;kontakt@masescha.li;http://www.masescha.li;[{'@type': 'ImageObject', 'contentUrl': 'https://ltmpimtsoch.sos-ch-dk-2.exoscale-cdn.com/catalog/8/b/d/5/8bd5c9c698117b43b19973e356436f9ec8d1f3ef_berggasthaus_masescha_liechtenstein.jpeg', 'caption': {'de': 'Aussenaufnahme des Berggasthaus Masescha', 'en': 'Berggasthaus Masescha'}}];2026-09-23T08:34:48+02:00
4c0a9c15-8f57-4a60-8fff-b840e3e33241;Hoi-Laden;Der Hoi-Laden ist eine kleine Boutique im Herzen von Vaduz, in dem sich alles um authentische und hochwertige Souvenirs und Geschenkartikel aus Liechtenstein und der Region dreht.;<p>Das ausgew&auml;hlte Sortiment reicht von Papierwaren, B&uuml;chern, Kinderbekleidung, lokalen Lebensmitteln bis hin zu auserlesenen Dingen f&uuml;r den K&uuml;chenbedarf oder die Freizeit. Alle Produkte haben eines gemeinsam: Sie werden mit Liebe zum Detail entwickelt und mit Sorgfalt f&uuml;r die Kunden ausgesucht. Ein St&uuml;ck Heimatgef&uuml;hl als Geschenk f&uuml;r Familienangeh&ouml;rige, Freunde, Bekannte, Arbeitskollegen aus dem In- und Ausland oder f&uuml;r sich selbst.</p><p>Mit dem &laquo;<a href="https://tourismus.li/angebote/freizeit/erlebnispass-2/all-inclusive-erlebnispass.html">ALL INCLUSIVE Erlebnispass</a>&raquo; geniesst du im Hoi-Laden kostenlos ein Glas f&uuml;rstlicher Wein, Traubensaft oder einen 32PeaksGin-Tonic.</p>;9.522749636365354;47.139283370330254;Städtle 35;9490;Vaduz;+423 230 39 39;post@hoi-laden.li;http://www.hoi-laden.li;[{'@type': 'ImageObject', 'contentUrl': 'https://ltmpimtsoch.sos-ch-dk-2.exoscale-cdn.com/catalog/3/4/0/6/34061ff98d015a1023178e3ab0d257f3b98628ef_2022_07_12_Kulturzentrum_Vaduz_0790.JPG', 'caption': {'de': 'Innenraum des Hoi-Laden mit tollen Produkten aus Liechtenstein', 'en': 'Hoi-Laden'}}];2026-09-11T10:00:31+02:00
4d98751d-cf02-45bf-8662-4f48e23aca67;Restaurant Lio;Das Restaurant Lio in Schaan ist ein Ort, an dem Moderne auf Tradition trifft.;<p>Neben Steaks vom 800° Southbend Grill, Pizzen aus dem neapolitanischen Holzofen und hausgemachten Pasta-Spezialitäten geniesst du auch ausgewählte Weine. Ziel des Restaurants ist es, mit viel Charme, grossem Einsatz und einer willkommenen Prise Humor, Gerichte auf höchstem Niveau zu servieren.</p>;9.510136842727663;47.16792246059505;Poststrasse 2;9494;Schaan;+423 232 10 01;reservation@lio.li;https://www.lio.li/;[{'@type': 'ImageObject', 'contentUrl': 'https://ltmpimtsoch.sos-ch-dk-2.exoscale-cdn.com/catalog/6/5/8/9/6589d8c4b021113e07a765b92a9627a008593668_restaurant_lio_schaan_liechtenstein.jpeg', 'caption': {'de': 'Aussenaufnahme des Restaurant Lio', 'en': 'Restaurant Lio'}}];2026-09-24T13:43:16+02:00
4df2570d-1c90-43e5-a38b-3337155b3bb5;Restaurant Edelweiss;Das Restaurant Edelweiss befindet sich an herrlicher Lage in Triesenberg und bietet eine vielfältige Menüauswahl. ;<p>Das Restaurant wird in der vierten Generation von Jürgen Gassner und Mirjam Müller geführt.</p><p>Nicht nur währschafte und traditionelle regionale Kost wie die Triesenberger Wochen gibt es hier zu geniessen, auch diverse kulinarische Themenabende wie Sushi-Abende oder Spezialitätenwochen haben ihren festen Platz im Restaurant Edelweiss.<br></p>;9.543912097021526;47.11855372872113;Bergstrasse 5;9497;Triesenberg;+423 262 19 04;info@restaurantedelweiss.li;http://www.restaurantedelweiss.li;[{'@type': 'ImageObject', 'contentUrl': 'https://ltmpimtsoch.sos-ch-dk-2.exoscale-cdn.com/catalog/1/2/f/e/12fef1160c1a3ade5fcbe937cde5868032bef310_restaurant_edelweiss_triesenberg.jpeg', 'caption': {'de': 'Aussenaufnahme des Restaurant Edelweiss', 'en': 'Restaurant Edelweiss'}}];2026-09-22T14:01:39+02:00
51d1d5c2-6c28-48fc-b241-fafa54d73663;Jugendherberge Schaan-Vaduz;Die Jugendherberge befindet sich in ruhiger Lage und bietet eine ideale Unterkunft für Familien, Sportgruppen und Seminarteilnehmende.;<p>Die Jugendherberge Schaan-Vaduz liegt westlich unterhalb der Landstrasse von Vaduz nach Schaan. In der N&auml;he befinden sich das Schwimmbad M&uuml;hleholz sowie der Minigolfplatz. Ebenfalls in wenigen Minuten erreicht man eine Bushaltestelle. Mit dem Fahrrad kann man von der Jugendherberge aus ausgedehnte Touren unternehmen. Ums Haus laden Liegest&uuml;hle und Sitzgelegenheiten mit Blick in die Rheinebene und ihrer Bergwelt zum Verweilen ein. Zur Infrastruktur geh&ouml;ren zudem eine Spielecke, Tischtennis, Tischfussball sowie ein Ruheraum.</p><p>Das helle und grossz&uuml;gige Haus ist besonders f&uuml;r Trainingslager, Seminare und Familien geeignet: beste Trainingsbedingungen in der Region, vollst&auml;ndig ausger&uuml;steter Seminarraum f&uuml;r bis zu 50 Personen und ger&auml;umige Familienzimmer.</p><p><strong>Zimmer</strong></p><ul><li>12 Doppelzimmer mit Bad</li><li>4 Familienzimmer mit Bad</li><li>Diverse 4- und 6-Bett-Zimmer mit Etagen-Dusche</li></ul><p>Haustiere sind auf Anfrage gestattet. M&ouml;glicherweise fallen Geb&uuml;hren an.</p>;9.506118893623354;47.156896299073416;Under Rüttigass 6;9494;Schaan;+423 232 50 22;schaan@youthhostel.ch;http://www.youthhostel.ch/en/hostels/schaan-vaduz;[{'@type': 'ImageObject', 'contentUrl': 'https://ltmpimtsoch.sos-ch-dk-2.exoscale-cdn.com/catalog/f/8/e/7/f8e7f8ede85559dcbf54ddfd9ca96777b768beb1_swiss_youth_hostel_schaan_vaduz_16.jpg', 'caption': {'de': 'Rezeption und Lobbybereich in der Jugendherberge Schaan-Vaduz', 'en': 'Youth Hostel Schaan/Vaduz'}}];2026-08-27T22:26:48+02:00
521b36c5-8a76-48c6-9bd1-8b33272e1e4a;Alpin Royal Restaurant;Im Alpin Royal Restaurant geniesst du kreative Küche aus regionalen Zutaten – serviert mit herzlicher Gastfreundschaft und Panoramablick auf die Liechtensteiner Alpen.;<p>Im modernen Ambiente des Alpin Royal Restaurants werden kulinarische Genüsse zum unvergesslichen Erlebnis. Hier treffen regionale Zutaten auf kreative Raffinesse – sorgfältig ausgewählt, modern interpretiert und mit Leidenschaft zubereitet. Ergänzt wird das kulinarische Erlebnis durch eine exquisite Weinkarte, die eine erlesene Auswahl regionaler und internationaler Tropfen bereithält. Ob ein stilvolles Dinner zu zweit oder ein gemütlicher Abend mit besonderen Menschen – jedes Gericht wird hier mit Liebe und Sorgfalt zubereitet und serviert.</p><p>Grosszügige Fenster eröffnen im Alpin Royal Restaurant den Blick auf die umliegende Bergwelt. Das gemütliche Ambiente lädt zum Verweilen, Geniessen und Feiern ein.</p><p>Ob private Feier oder exklusives Firmendinner – das Alpin Royal Restaurant bietet den passenden Rahmen für genussvolle Anlässe.</p><p>Das Alpin Royal Restaurant befindet sich im Alpin Royal Hotel &amp; Casino in Schaan und ist unabhängig vom Casinobesuch für alle Genussmenschen zugänglich.</p>;9.510169029235842;47.174568769391534;Im Rietacker 8;9494;Schaan;+423 333 88 88;restaurant@alpin-royal.li;https://alpin-royal.li/restaurant/;[{'@type': 'ImageObject', 'contentUrl': 'https://ltmpimtsoch.sos-ch-dk-2.exoscale-cdn.com/catalog/3/1/b/1/31b16d3a6fcb07999b9617a375c66ca4c5b95911_Titelbild.jpg', 'caption': {'de': 'Stilvoll gedeckter Tisch im Alpin Royal Restaurant'}}];2026-09-11T10:21:51+02:00
5dd69311-9096-4ef2-b29d-0fedb6319cbe;Elisas - Taste of Italian Food;Das Elisas serviert italienische Klassiker und kreative Spezialitäten aus der vielfältigen Küche Italiens.;<p>Sei es frische Antipasti wie beispielsweise eine Aufschnittplatte, frische Salate, &nbsp;hausgemachte gefüllte Piadina oder Focaccia&nbsp;und verschiedene&nbsp;Pinsa Romana.</p>;9.52270030975342;47.13913969738793;Städtle 35;9490;Vaduz;+423 791 64 45;elisas@fl1.li;http://elisas-catering.li/;[{'@type': 'ImageObject', 'contentUrl': 'https://ltmpimtsoch.sos-ch-dk-2.exoscale-cdn.com/catalog/1/f/1/7/1f1788089966bb915be7ad568a0f4def63732ef2_elisas_aussen.jpeg', 'caption': {'de': 'Aussenansicht des Restaurants Elisas im Vaduzer Städtle'}}];2026-09-11T10:59:19+02:00
610daedc-eb7e-4c3f-a1bf-f4095a563d26;Liechtensteiner Braustube;Wo gutes Bier und köstliches Essen zusammentreffen.;<p>Das Restaurant Braustube verw&ouml;hnt dich mit kulinarischen K&ouml;stlichkeiten, leckeren Klassikern und feinen, saisonalen Spezialit&auml;ten. Dazu leckeres Brauhaus Bier aus der hausinternen Brauerei, tolles Ambiente, Bar, Biergarten mit viel Platz f&uuml;r dich und deine Freunde.</p><p>Die Braustube eignet sich ideal f&uuml;r Veranstaltungen wie Hochzeits-Ap&eacute;ros, Geburtstage, Pr&auml;sentationen oder&nbsp;Workshops. Das Team der Braustube steht dir gerne bei der Planung deines Anlasses zur Seite und unterst&uuml;tzt dich mit kulinarischem und technischem Know-how.&nbsp;Das Restaurant bietet Platz f&uuml;r 120-150 Personen zum Feiern. Im Brausaal k&ouml;nnen Workshops und Seminare mit bis zu 100&ndash;120 Personen stattfinden.</p><p>Mit dem &laquo;<a href="https://tourismus.li/angebote/freizeit/erlebnispass-2/all-inclusive-erlebnispass.html">ALL INCLUSIVE Erlebnispass</a>&raquo; erh&auml;ltst du eine CHF 4 Reduktion auf das Tasting-Board mit sechs verschiedenen Biersorten des Liechtensteiner Brauhaus.</p>;9.516080617904665;47.17736366491086;Im Alten Riet 156;9494;Schaan;+423 377 88 70;info@braustube.li;https://braustube.li/raeume/seminarraeume/;[{'@type': 'ImageObject', 'contentUrl': 'https://ltmpimtsoch.sos-ch-dk-2.exoscale-cdn.com/catalog/9/c/f/a/9cfafc0de4721a455c0d501e7579499f641397cf_DSC_8359.jpg', 'caption': {'de': 'Einladender Brauereiraum mit langen Holztischen, Fass-Dekorationen und stilvoller Beleuchtung', 'en': 'Liechtensteiner Braustube'}}];2026-09-11T11:43:22+02:00
63dbdc80-6c8f-4595-8a8e-5d8eb24a2b1b;Restaurant Marée;Das Restaurant Marée im Park Hotel Sonnenhof wurde mit 16 Gault Millau Punkten ausgezeichnet.;<p>Inspiriert von Natur und Saison zaubert Gault-Millau-Koch Hubertus Real mit seinem Team im Restaurant Marée immer wieder kulinarische Köstlichkeiten auf den Teller. Sei es ein festliches Menü oder ein stilvoller Business-Lunch. Nachmittags wird eine kleine Snackkarte angeboten. </p><p>Die einfache Genialität der Speisen, der herzliche Charme und die ehrliche Gastfreundschaft machen jedes Essen im Marée zu einem kulinarisch unvergesslichen Erlebnis. Für Hubertus Real liegt die Kunst darin: «Das richtige Produkt zu finden. Denn Qualität, Einzigartigkeit und Geschichte eines Produktes führen zur entsprechenden Inspiration und damit zur Kreation.» Und das kann er perfekt. Gespeist wird wahlweise im hochwertigen und zugleich gemütlichen Panoramarestaurant oder auf der einzigartigen Terrasse hoch über Vaduz: dem Adlernest.</p><p>Ob Klassiker, wie die Kalbfleisch-Spinat Raviolini oder Rochenflügel in Brauner Butter mit Kapern oder aktuelle Saison-Hits, es ist für jeden etwas dabei. Auch vegetarische oder vegane Kulinarikfans finden etwas Feines.</p>;9.523376226425173;47.147118381586665;Mareestrasse 29;9490;Vaduz;+423 239 0202;real@sonnenhof.li;https://www.sonnenhof.li/;[{'@type': 'ImageObject', 'contentUrl': 'https://ltmpimtsoch.sos-ch-dk-2.exoscale-cdn.com/catalog/f/8/6/7/f867f6f870ae609a55f2559d3fb52c44881e3218_sonnenhof_restaurant_main_is.jpg', 'caption': {'de': 'Eleganter Gastraum mit stilvoll gedeckten Tischen, edlem Ambiente und grossem Landschaftsbild', 'en': 'Restaurant Marée'}}];2026-09-11T15:22:29+02:00
75cb85cf-5024-46d6-875f-9ee2223e695b;Mai Thai Restaurant;Erlebe die Aromen Thailands im Mai Thai Restaurant. Auf der Speisekarte findest du eine grosse Auswahl an authentischen Gerichten, zubereitet mit frischen und hochwertigen Zutaten.;<p data-start="242" data-end="503">Ob gemütlich im stilvollen Innenbereich, entspannt im Garten oder ganz bequem als Take-away – hier geniesst du Thai-Küche, wie sie sein soll.&nbsp;</p>;9.538391232490541;47.216500240741745;Peter-Kaiser-Strasse 51;9493;Mauren;+423 373 66 50;info@maithai.li;http://www.maithai.li;[{'@type': 'ImageObject', 'contentUrl': 'https://ltmpimtsoch.sos-ch-dk-2.exoscale-cdn.com/catalog/8/0/2/b/802beaa300736164dec92761107a0adfe2f7fbb1_maithai_mauren.jpeg', 'caption': {'de': 'Aussenansicht des Mai Thai Restaurants'}}];2025-10-20T14:54:06+02:00
7c7ce552-f48f-432b-a00c-2373ce757107;Weinlaube;Das Restaurant Weinlaube befindet sich in Schellenberg und verfügt über 15 Gault-Millau-Punkte.;<p>In der lieblichen «Weinlaube» in Schellenberg werden dir kulinarische Köstlichkeiten geboten, die sich je nach Angebot der Natur und Jahreszeit richten. Es brutzelt und schmort in der heimeligen Atmosphäre der «Weinlaube». Wer hinter der Burgruine Schellenberg beim alten Fachwerkhaus ankommt, erkennt auf Anhieb, dass eine Einkehr eine himmlische Wohltat für Gaumen und Seele sein wird. Martin und Michael Real sind bekannt für eine hochstehende, saisonal ausgerichtete Küche.</p>;9.555582243383181;47.232865096774276;Hinterschloss 15;9488;Schellenberg;+423 373 08 01;info@weinlaube.li;https://www.weinlaube.li;[{'@type': 'ImageObject', 'contentUrl': 'https://ltmpimtsoch.sos-ch-dk-2.exoscale-cdn.com/catalog/c/3/c/4/c3c40babf815d2d55edfec49bfb2bd2c87ad69b6_restaurant_weinlaube_schellenberg_liechtenstein.jpeg', 'caption': {'de': 'Aussenaufnahme des Restaurant Weinlaube', 'en': 'Weinlaube'}}];2026-09-24T13:07:57+02:00
7d3df5f5-eae7-4818-b3a4-32e74c452efd;Restaurant Kuro;Das Restaurant Kuro befindet sich an zentraler Lage in Schaan und bietet eine Auswahl an asiatischen und hawaiianischen Gerichten.;<p>Das Restaurant Kuro ist ein Fast-Casual-Restaurant-Konzept, das sich auf asiatische und hawaiianische Gerichte spezialisiert. Mit aktuell zwei Standorten in Buchs (Schweiz) und Schaan bietet das Restaurant Kuro unter anderem folgende Speisen an:</p><ul><li><strong>Poké Bowls</strong>, also ein hawaiianisches Gericht, welches die Wurzeln in der japanischen Küche hat und soviel wie «diagonal in Stückchen schneiden» bedeutet und meist mit rohem Fisch, Reis und Gemüse serviert wird</li><li><strong>Thai Gerichte</strong> wie z.B. verschiedene Currys und thailändische Gerichte beispielsweise mit Hähnchen, Ente oder auch vegan / vegetarisch</li><li><strong>Frisches Sushi</strong> wie z.B. Maki Rolls, California Rolls, Nigiri, bis hin zu Special Rolls</li><li><strong>Snacks</strong> wie Gyoza, Frühlingsrollen, Tempura Crevetten &amp; Edamame</li></ul>;9.50914978981018;47.16819228064153;Im Bretscha 7;9494;Schaan;+423 232 90 99;hello@Kuro-Restaurant.ch;https://www.kuro-restaurant.ch/;[{'@type': 'ImageObject', 'contentUrl': 'https://ltmpimtsoch.sos-ch-dk-2.exoscale-cdn.com/catalog/7/8/f/3/78f32f91e466e89f4af8ac26c1ced575a6da6eae_Kuro.jpeg', 'caption': {'de': 'Aussenansicht des Restaurant Kuro mit Tischen im Aussenbereich'}}];2026-07-16T09:49:03+02:00
81b832d3-744d-4f32-abfe-e4b0f61c4c5b;Bergstübli;Das Bergstübli ist ein mit viel Liebe geführtes Restaurant im Zentrum vom idyllischen Bergdorf Steg.;<p>Das Restaurant Bergstübli in Steg begrüsst seine Gäste auf rund 1200 m ü. M. inmitten einer idyllischen Berglandschaft. Das kleine, urige Restaurant ist der ideale Ort, um nach einer Wanderung oder einem Ausflug in der Natur einzukehren und regionale Spezialitäten zu geniessen. Besonders beliebt sind die traditionellen Käsknöpfle mit Apfelmus.</p>;9.576666662241148;47.11273963596935;Steg 101;9497;Steg;+423 263 10 16;info@bergstuebli.li;https://www.bergstuebli.li/;[{'@type': 'ImageObject', 'contentUrl': 'https://ltmpimtsoch.sos-ch-dk-2.exoscale-cdn.com/catalog/4/2/7/2/427275e307c0585b6df7e1ae7d1d77dbf4463529_restaurant_bergstuebli_steg_liechtenstein.jpeg', 'caption': {'de': 'Aussenaufnahme des Bergstübli'}}];2026-09-22T14:26:01+02:00
81e840fb-3c95-43d9-b9e6-596776b6105a;Sigis Veloshop;9.511992931365969;47.078228156774465;Neugrüt 11;9496;Balzers;+423 384 27 50;info@veloshop.li;https://www.sigis-veloshop-balzers.li/;[{'@type': 'ImageObject', 'contentUrl': 'https://ltmpimtsoch.sos-ch-dk-2.exoscale-cdn.com/catalog/8/5/a/e/85ae7728db8e553e04e716877750bb70c9c3f420_image00025.jpeg', 'caption': {'de': 'Aussenansicht von Sigis Veloshop'}}];2025-10-20T15:09:19+02:00
87ff2765-c36d-4484-b216-00cb0fa47e2f;Restaurant Adler;Als Familienbetrieb in vierter Generation bewirtet der Traditionsbetrieb Restaurant Adler seine Gäste bereits seit 1908.;<p>&laquo;K&uuml;che und Heimat&raquo; ist das Motto des Restaurants Adler in Vaduz. Regionale K&uuml;che ist kein Trend, sie ist die ewige Konstante in der Esskultur. Nat&uuml;rlich hat sich die K&uuml;che der Alpen den neuen Einfl&uuml;ssen angepasst und die Kochtechniken weiterentwickelt und modernisiert. Das Team des Restaurants Adler geht den Weg der modernen Tradition und spezialisiert sich auf Kreationen aus regionalen Produkten.</p><p>Drei Innenr&auml;ume sowie eine sch&ouml;ne Terrasse bieten eine Sitzplatzkapazit&auml;t f&uuml;r rund 140 Personen.</p>;9.52095453445974;47.14129652268152;Herrengasse 2;9490;Vaduz;+423 232 21 31;info@adler.li;http://www.adler.li;[{'@type': 'ImageObject', 'contentUrl': 'https://ltmpimtsoch.sos-ch-dk-2.exoscale-cdn.com/catalog/7/e/2/4/7e246a851dd5cfb874e1292e6524cdf51c26bd1b_IMG_8405.jpeg', 'caption': {'de': 'Innenraum des Restaurant Adler', 'en': 'Restaurant Adler'}}];2026-04-08T14:55:04+02:00
913bebc4-8c72-4af4-99bf-c5877bb59fb7;Bäckerei Amann;Die Bäckerei Konditorei Amann liegt im Zentrum von Vaduz und lädt mit feinen Backwaren und Mittagsgerichten zum Geniessen vor Ort ein.;<p class="isSelectedEnd">Die B&auml;ckerei Konditorei Amann l&auml;dt nicht nur zum Mitnehmen, sondern auch zum Verweilen ein. Im gem&uuml;tlichen Innenbereich und auf den Sitzpl&auml;tzen im Aussenbereich kannst du t&auml;glich frische Backwaren, feine Konditoreispezialit&auml;ten und warme Mittagsgerichte direkt vor Ort geniessen.</p><p class="isSelectedEnd">Ob zum Fr&uuml;hst&uuml;ck, f&uuml;r eine Kaffeepause oder zum Mittagessen: Die entspannte Atmosph&auml;re ist ideal f&uuml;r einen kurzen Zwischenstopp beim Stadtbummel oder eine genussvolle Pause in Vaduz. Die Bestellung erfolgt in Selbstbedienung an der Theke, anschliessend kannst du deine Auswahl bequem am gew&uuml;nschten Platz geniessen.</p><p>Mit dem&nbsp;<span style="text-align: center;">&laquo;</span><a href="https://tourismus.li/angebote/freizeit/erlebnispass-2/all-inclusive-erlebnispass.html">ALL INCLUSIVE Erlebnispass</a><span style="text-align: center;">&raquo; erh&auml;ltst du hier 20% Rabatt auf einen einmaligen Einkauf.</span></p>;9.521402120590212;47.1387091037243;Äulestrasse 56;9490;Vaduz;+423 232 10 53;office@amann-ag.li;http://www.amann-ag.li;[{'@type': 'ImageObject', 'contentUrl': 'https://ltmpimtsoch.sos-ch-dk-2.exoscale-cdn.com/catalog/1/c/8/9/1c89cba738478360c14e67fd218b0c107844fc14_Amann3.jpg', 'caption': {'de': 'Blick auf den Verkaufsraum der Bäckerei Konditorei Amann mit gefüllter Theke', 'en': 'Bäckerei Konditorei Amann'}}];2026-09-11T10:04:18+02:00
92c80282-ba14-43af-80c2-f27f131c47e9;Restaurant Weinstube;Die Küche vom Restaurant Weinstube erfüllt alle Wünsche: Von feinen Fonduespezialitäten bis zum gediegenen Dinner für grössere Gesellschaften.;<p>Die saisonal geprägte Speisekarte bietet regionale und internationale Gerichte sowie traditionelle Fonduespezialitäten.</p><p>In der Weinstube wird grossen Wert auf einen verantwortungsbewussten Einkauf von lokalen Produkten gelegt.</p><p>Erlesene Weine aus dem reichhaltigen, hauseigenen Angebot machen das Abendessen in der Weinstube zum perfekten Genuss.</p>;9.543852210044863;47.19984966323448;Churer Strasse 10;9485;Nendeln;+423 377 17 78;office@weinstube.li;http://www.weinstube.li;[{'@type': 'ImageObject', 'contentUrl': 'https://ltmpimtsoch.sos-ch-dk-2.exoscale-cdn.com/catalog/a/e/3/a/ae3a44bc2b82eaa7056c214e524638a0fb3e6086_170422_Webseite_Weinstube_Vinothek_Schaechle_341.jpg', 'caption': {'de': 'Aussenansicht des Restaurant Weinstube mit Blumen im Vordergrund ', 'en': 'Restaurant Weinstube'}}];2026-09-11T15:50:46+02:00
95c0f1ee-5261-443e-a020-138bd7c51f88;Restaurant Kainer;Im Restaurant Kainer, wo warmes, heimisches Holz eine einladende Wohlfühlatmosphäre schafft, erwarten dich Spezialitäten aus Küche und Keller.;Schon der Blick von der Sonnenterrasse ist ein echtes Highlight. Doch das Restaurant in Triesenberg hat noch viel mehr zu bieten als nur ein grandioses Panorama. Seit über 20 Jahren kommen Stammgäste vor allem wegen der ausgezeichneten Küche. Mit Herz und Charme werden hier feinste Köstlichkeiten aus der Region serviert.;9.543476700782778;47.11730334552838;Landstrasse 10;9497;Triesenberg;+423 268 39 33;info@kainer.li;http://www.kainer.li;[{'@type': 'ImageObject', 'contentUrl': 'https://ltmpimtsoch.sos-ch-dk-2.exoscale-cdn.com/catalog/7/9/5/6/7956bf76af58dc285e8e97283e0445cb1a1b55c2_restaurant_kainer_triesenberg.jpeg', 'caption': {'de': 'Aussenaufnahme des Restaurant Kainer'}}];2026-09-22T13:55:38+02:00
98eec534-c288-4833-8310-d5ad93b2b17a;Red Mango;Im Red Mango geniessen Gäste authentisch thailändische Küche – frisch zubereitet, aromatisch gewürzt und inspiriert von den Aromen Südthailands.;<p>Im Red Mango erwartet G&auml;ste eine authentische kulinarische Reise nach Thailand. Die Gerichte werden frisch zubereitet und basieren auf traditionellen Rezepten, insbesondere aus dem s&uuml;dlichen Teil des Landes. Typisch f&uuml;r die K&uuml;che sind frische Kr&auml;uter und Gew&uuml;rze wie Thai-Basilikum, Limettenbl&auml;tter, Galgant, Chili, Minze oder Thai-Curry, die dem Essen seine charakteristische Tiefe und Ausgewogenheit verleihen.&nbsp;Die Speisen sind leicht, gesund und aromatisch, serviert mit Reis oder Nudeln. Wer die Vielfalt der thail&auml;ndischen K&uuml;che in hoher Qualit&auml;t erleben m&ouml;chte, ist im Red Mango bestens aufgehoben.</p>;9.52420771121979;47.11721572539516;Landstrasse 91;9495;Triesen;+423 392 55 88;info@redmango.li;https://www.redmango.li/;[{'@type': 'ImageObject', 'contentUrl': 'https://ltmpimtsoch.sos-ch-dk-2.exoscale-cdn.com/catalog/6/3/6/d/636dbf4d536b48ba284848977d7f75dc75fd664b_red_mango_thai_restaurant_triesen.jpeg', 'caption': {'de': 'Aussenansicht des Red Mango Restaurants'}}];2025-10-20T14:54:15+02:00
9da37fe2-cc99-4898-9baf-5c2c08f459b7;Artis Bistro;Das Artis Bistro ist ein kleines Bistro mit 27 Sitzplätzen im Süden von Vaduz.;<p>Im Bistro werden täglich Zmorga, Znüni, Zmittag und Zvieri angeboten. Ein regelmässig wechselndes Wochenmenü wird ergänzt von feinen Kuchen, Kaffees und Getränken.</p>;9.521310925483705;47.12407084486464;Kanalstrasse 30;9490;Vaduz;+423 232 62 15;info@artisbistro.li;http://www.artisbistro.li;[{'@type': 'ImageObject', 'contentUrl': 'https://ltmpimtsoch.sos-ch-dk-2.exoscale-cdn.com/catalog/3/b/e/a/3beaacab4a6d4e179d92b2d4533d888de7807bea_artis_bistro_vaduz.jpeg', 'caption': {'de': 'Aussenaufnahme des Artis Bistro'}}];2026-09-22T13:03:50+02:00
a02d4aca-44f9-4c6e-8156-55907b63813b;MIZU;Vom frischen Sashimi bis zum einzigartigen Grill-Erlebnis – hier trifft Tradition auf Modern Fusion.;<p>Mitten in Vaduz verbindet das Restaurant MIZU die Aromen Asiens mit westlicher Kochkunst. In modernem Ambiente geniessen Gäste eine kreative Fusion-Küche, die Tradition und Innovation geschmackvoll vereint.</p>;9.522732496261598;47.13966883491731;Im Städtle 29;9490;Vaduz;+423 232 22 88;reservation@mizu.li;http://www.mizu.li;[{'@type': 'ImageObject', 'contentUrl': 'https://ltmpimtsoch.sos-ch-dk-2.exoscale-cdn.com/catalog/6/e/1/2/6e129de61fb3becaa180b58f2ff25851b96b630e_restaurant_mizu_vaduz.jpeg', 'caption': {'de': 'Aussenaufnahme des Restaurants MIZU', 'en': 'Mizu'}}];2026-09-22T12:21:46+02:00
a1347d21-1ec5-4a18-9428-e9ffc62af263;Landgasthof Rössle;Im Landgasthof Rössle werden Gäste in ländlich gemütlichem Ambiente kulinarisch verwöhnt.;<p>Im Landgasthof Rössle kommen die Gäste in der Gaststube, im ländlich Stil gehaltenen Saal sowie auf der grossen Terrasse zum unbeschwerten und unvergessenen Genuss.</p><p>Auf der Speisekarte stehen Klassiker wie Cordon Bleu und Schnitzel sowie die Liechtensteiner Spezialität «Käsknöpfle».</p>;9.524376688287342;47.24365852898617;Kanalstrasse 2;9491;Ruggell;+423 373 14 25;landgasthof@roessle.li;http://www.roessle.li;[{'@type': 'ImageObject', 'contentUrl': 'https://ltmpimtsoch.sos-ch-dk-2.exoscale-cdn.com/catalog/2/7/d/7/27d7da76fee8b94b36ae4c6a229bf74fe4dee4fc_landgasthof_roessle_ruggell.jpeg', 'caption': {'de': 'Aussenaufnahme des Landgasthofs Rössle', 'en': 'Landgasthof Roessle'}}];2026-09-24T12:48:13+02:00
a29fc317-974d-4c9f-bff8-11f3b1736c16;Gasthaus zum Engel;Die Dorfbeiz in Balzers ist ein Treffpunkt für Jung und Alt.;<p>Das Gasthaus zum Engel in Balzers ist eine gemütliche Dorfbeiz, die Jung und Alt zusammenbringt. In den denkmalgeschützten Räumlichkeiten herrscht eine gesellige Atmosphäre, ideal zum Verweilen und Austauschen. Neben einer grossen Auswahl an Getränken gibt es auch eine kleine Speisekarte mit Klassikern wie Pommes Frites, Hamburgern und Pizzen.</p>;9.506832361221315;47.068382632813424;Höfle 47;9496;Balzers;+423 220 27 97;info@engelbalzers.li;https://www.engelbalzers.li/de/;[{'@type': 'ImageObject', 'contentUrl': 'https://ltmpimtsoch.sos-ch-dk-2.exoscale-cdn.com/catalog/a/4/4/f/a44fc75d5a39533ff4b912d0a651a4ca8f156cd9_gasthaus_zum_engel_balzers.jpeg', 'caption': {'de': 'Aussenaufnahme des Gasthaus zum Engel'}}];2026-09-22T13:48:10+02:00
a2d4421d-c724-4c71-a243-03de3037c1f5;Gaflei Stuba;Hoch über dem Alltag aber gut erreichbar präsentiert sich auf 1483 m ü. M. die Gaflei Stuba als Teil des Clinicum Alpinum.;<p>Die Gaflei Stuba auf 1483 m ü. M. ist ein kulinarischer Rückzugsort mit beeindruckender Aussicht auf Liechtenstein, das Rheintal und die umliegende Bergwelt. Als Teil des Clinicum Alpinum bietet sie eine regionale und saisonale Küche auf höchstem Niveau. Auf der Terrasse kannst du bei Kaffee und Kuchen oder einem Apéro den Blick in die Weite schweifen lassen. Die Speisekarte wird laufend an die Jahreszeiten angepasst, um die besten lokalen Zutaten in den Mittelpunkt zu stellen.</p>;9.54417407512665;47.14289053623251;Gafleistrasse 70;9497;Gaflei;+423 238 85 98;service@clinicum-alpinum.li;https://gaflei-stuba.li/;[{'@type': 'ImageObject', 'contentUrl': 'https://ltmpimtsoch.sos-ch-dk-2.exoscale-cdn.com/catalog/a/7/a/9/a7a94d0745f232d3b46de9068401d3255bb4cdd6_restaurant_gaflei_stuba_liechtenstein.jpeg', 'caption': {'de': 'Aussenaufnahme der Gaflei Stuba', 'en': 'Gaflei Stuba'}}];2026-09-22T14:03:42+02:00
a3793777-3ca9-4c90-ac4d-f38c50aca71b;Restaurant Engel;Neben guter Hausmannskost und regionaler Küche kann man hier auch das Beste aus der thailändischen und chinesischen Küche geniessen.;<p>Im Restaurant Engel erwartet dich eine vielfältige Auswahl an regionalen und asiatischen Gerichten – ganztägig serviert, für den grossen wie den kleinen Hunger. Hausgemachte Klassiker wie Apfelstrudel, Kaiserschmarren und verschiedene Coupes runden das kulinarische Angebot ab. Dazu gibt es eine feine Auswahl an heimischen Weinen, Bieren, Softdrinks und Kaffeespezialitäten.</p><p>Für alle, die es eilig haben, bietet der Take-Away-Service die ideale Lösung. Sämtliche Speisen, Getränke und Snacks – von Sandwiches bis zum Menü – können vorab reserviert und bequem mitgenommen werden. </p><p>Mit 130 Innenplätzen, einer gemütlichen Stube für ca. 20 Personen und 80 Sitzplätzen auf der Sonnenterrasse unterhalb von Schloss Vaduz ist das Engel auch bestens geeignet für Familienfeiern, Betriebsanlässe oder Versammlungen aller Art.</p>;9.52258603525656;47.140759776660154;Städtle 13;9490;Vaduz;+423 376 54 60;reservation@restaurant-engel.li;https://www.restaurant-engel.li/;[{'@type': 'ImageObject', 'contentUrl': 'https://ltmpimtsoch.sos-ch-dk-2.exoscale-cdn.com/catalog/d/f/d/9/dfd92c823c02e0a32fe3a6ab895ee3eb9a123e0e_restaurant_engel_vaduz.jpeg', 'caption': {'de': 'Aussenaufnahme des Restaurants Engel'}}];2026-09-22T12:14:05+02:00
a741b918-db57-4b10-9bb3-9b0c65421ba6;Red Mango Thai Takeaway;Das Red Mango bietet authentische und frisch zubereitete Speisen der thailändischen Küche.;<p>Das Essen ist einzigartig und konzentriert sich auf authentische thailändische Aromen, die zum grössten Teil aus der südlichen Region Thailands stammen. Diese Küche ist leicht, gesund und ausgeglichen. Zu den Hauptgerichten gibt es Reis oder Nudeln.<br></p>;9.520490169525146;47.14121593721147;Schmedgass 2;9490;Vaduz;+423 392 55 88;info@redmango.li;https://www.redmango.li/vaduz2/;[{'@type': 'ImageObject', 'contentUrl': 'https://ltmpimtsoch.sos-ch-dk-2.exoscale-cdn.com/catalog/e/f/c/b/efcb54c5fe4b616492d250f5eb718ba11a959be5_redmango_vaduz.jpeg', 'caption': {'de': 'Aussenansicht des Red Mango Thai Takeaway', 'en': 'Red Mango Thai Takeaway'}}];2025-10-20T14:54:21+02:00
a95c3dd3-11d4-4fdc-a105-9d188070422e;Café Etagere;Das Café Etagere befindet sich im Zentrum von Vaduz und bietet ausgewählten Kaffee, Tee, Sandwiches, Suppen und Salate.;<p>Bei den Milchgetränken hat der Gast die Wahl zwischen Voll-, Soja-, Mager- sowie lactosefreier Milch. Dazu gibt es ofenfrische Brötchen, Croissants und eine gesunden Ecke. Als Imbiss hat das Café eine Auswahl an täglich frischen kalten und warmen Sandwiches sowie Salaten und im Winter Suppen. Süsses sowie Antipasti zum Bier oder Cüpli runden das Angebot ab.</p>;9.520576000213625;47.14165378715341;Herrengasse 8;9490;Vaduz;+423 232 22 09;cafe@greber-ag.li;https://www.greber-ag.li/Genusswelt;[{'@type': 'ImageObject', 'contentUrl': 'https://ltmpimtsoch.sos-ch-dk-2.exoscale-cdn.com/catalog/8/c/9/2/8c92a9fe8c28bcb89c7419ba0242d4e6241eb893_IMG_3363.jpeg', 'caption': {'de': ' Gemütliches Café in Vaduz'}}];2026-09-11T10:44:43+02:00
ad7a5d8a-84c9-4d6b-8a3d-e2b74c223580;SCANAUA;Entdecke die traditionelle, saisonale und regionale Küche, die gleichzeitig mit neuen Interpretationen überrascht. Die Bar, kombiniert mit einer gemütlichen Lounge, lädt zum gemütlichen Verweilen ein.;<p>Im SCANAUA in Schaan erlebst du kreative Gerichte und eine vielfältige Getränkeauswahl in entspannter Atmosphäre. Perfekt für Mittagessen, Dinner oder Feierabenddrinks.</p><p>Auch für romantische Hochzeiten oder gesellige Feiern – die Lokalität bietet den idealen Rahmen für unvergessliche Anlässe. Gäste können sich auf individuell abgestimmte Menüs freuen, die saisonale Köstlichkeiten und kreative Überraschungen beinhalten. Die Kombination aus heimischer Küche, perfektem Ambiente und persönlichem Service macht jedes Event zu einem besonderen Erlebnis. Eine frühzeitige Anmeldung wird empfohlen.</p>;9.508801102638245;47.16561379318065;Landstrasse 30;9494;Schaan;+423 781 99 09;reservation@scanaua.li;https://scanaua.li/;[{'@type': 'ImageObject', 'contentUrl': 'https://ltmpimtsoch.sos-ch-dk-2.exoscale-cdn.com/catalog/9/4/f/0/94f0fc6b884421c796750fd717bde542efd9b2a4_restaurant_scanaua_schaan.jpeg', 'caption': {'de': 'Aussenaufnahme des SCANAUA', 'en': 'Scanaua Restaurant & Bar '}}];2026-09-23T08:00:06+02:00
ad94e368-fae3-4699-b44c-df2152be0ebb;Vaduz on Ice;Der Vaduzer Rathausplatz verwandelt sich zur Advents- und Weihnachtszeit in ein traumhaftes Eislauffeld in weihnachtlicher Atmosphäre.;<p>W&auml;hrend zwei Monaten (Anfang November - Anfang Januar) kann man auf dem Rathausplatz in Vaduz auf dem Eisfeld seine Runden drehen oder an den Verpflegungsst&auml;nden leckere Getr&auml;nke und Snacks konsumieren und dem Geschehen auf dem Platz zusehen.&nbsp;Ausserdem findet eine Vielzahl an tollen Events f&uuml;r Gross und Klein statt. <a href="https://www.vaduz-on-ice.li/events/">Hier</a> findest du eine &Uuml;bersicht &uuml;ber alle Veranstaltungen.</p><p>Mit dem &laquo;<a href="https://tourismus.li/angebote/freizeit/erlebnispass-2/all-inclusive-erlebnispass.html">ALL INCLUSIVE Erlebnispass</a>&raquo; geniesst du freien Eintritt zum Schlittschuhlaufen auf dem Eisplatz.</p>;9.522142410278322;47.140555483154884;Rathausplatz;9490;Vaduz;+423 791 40 80;info@vaduz-on-ice.li;https://www.vaduz-on-ice.li/;[{'@type': 'ImageObject', 'contentUrl': 'https://ltmpimtsoch.sos-ch-dk-2.exoscale-cdn.com/catalog/2/5/7/3/2573b08e9be87de02a9706b38bafd18e74da93b2__AMD0003.jpg', 'caption': {'de': 'Schlittschuhlaufen auf der bunt beleuchteten Eisfläche von «Vaduz on Ice» auf dem Rathausplatz', 'en': 'Vaduz on Ice'}}];2026-03-05T23:47:07+01:00
b1841deb-d9e5-4522-bef3-35902d33cf46;Alpen-Minigolf Malbun;Das Bergdorf Malbun verwandelt sich zu einer einzigen grossen Minigolfanlage.;<p>Insgesamt 18 Bahnen mit verschiedenen Schwierigkeitsstufen f&uuml;hren vom Ortseingang Malbun durch das ganze Dorf. Geschick, Geduld und Zielstrebigkeit sind gefordert, wenn es heisst, der kleine Ball muss ins kleine Loch. Zum Absolvieren des Minigolf-Parcours werden etwa 1.5 Stunden berechnet. Schl&auml;ger und B&auml;lle k&ouml;nnen beim Malbun Center bezogen werden. Gespielt werden kann jeweils von Mitte Juni bis Ende Oktober.</p><p>Die Minigolf-Stationen sind von Mitte Juni bis Ende Oktober aufgestellt.</p><p>Mit dem &laquo;<a href="https://tourismus.li/angebote/freizeit/erlebnispass-2/all-inclusive-erlebnispass.html">ALL INCLUSIVE Erlebnispass</a>&raquo; spielst du eine Runde Minigolf gratis.</p>;9.607951641082764;47.10324652065617;Im Malbun 3;9497;Malbun;+423 239 63 15;malbuninfo@liechtenstein.li;[{'@type': 'ImageObject', 'contentUrl': 'https://ltmpimtsoch.sos-ch-dk-2.exoscale-cdn.com/catalog/6/3/f/b/63fb70bcb22b3219b55e4db7683078a404ee60f3_240719_freizeit_malbun_familie_sommer_003__64_.jpg', 'caption': {'de': 'Familie spielt Minigolf auf der Alpen-Minigolf-Anlage in Malbun', 'en': 'Alpine minigolf Malbun'}}];2026-08-21T20:32:20+02:00
b565cbc7-5277-4ce3-926a-732cea198610;Restaurant Turna;Das Restaurant Turna ist weit über die Grenzen Liechtensteins bekannt – und das aus gutem Grund. ;<p>Hier steht der Chef pers&ouml;nlich in der K&uuml;che und kreiert spitzengastronomische Gerichte aus gesunden, regionalen Zutaten.</p><p data-start="226" data-end="481" data-is-last-node="" data-is-only-node="">K&ouml;stliche heimische Spezialit&auml;ten und verlockende internationale Kreationen kommen frisch auf den Tisch und machen jedes Essen zu einem Genussmoment. Dazu ein gutes Glas Wein und ein wunderbares Ambiente &ndash; perfekt f&uuml;r alle, die mit Leidenschaft geniessen.</p>;9.610810875892641;47.10108906089811;Im Malbun 55;9497;Malbun;+423 265 50 40;info@turna.li;http://www.turna.li;[{'@type': 'ImageObject', 'contentUrl': 'https://ltmpimtsoch.sos-ch-dk-2.exoscale-cdn.com/catalog/a/e/e/a/aeead679efb1dfe27fdb5930b17c91691e4a01e1_Hotel_Turna_Aussenansicht_Sommer.jpg', 'caption': {'de': 'Aussenansicht des Restaurants Turna mit Sommerterrasse', 'en': 'Restaurant Turna'}}];2026-08-11T14:51:49+02:00
b8e004c0-01e8-48b8-815d-096e484fc65b;Chapter Two;Wo Rezepte zu Legenden werden.;<p class="MsoNormal"><span lang="DE-LI" style="mso-ansi-language: DE-LI;">K&uuml;chenchef Martin Weber und sein Team interpretieren Liechtensteins kulinarisches Erbe neu &ndash; mutig, modern und mit Hingabe. Klassiker werden dekonstruiert, heimische Zutaten &uuml;berraschend kombiniert. Jedes Gericht wird so zu einer Geschichte, die im Ged&auml;chtnis bleibt.</span></p><p class="MsoNormal"><span lang="DE-LI" style="mso-ansi-language: DE-LI;">Martin Weber steht f&uuml;r eine K&uuml;che, in der Leidenschaft auf Pr&auml;zision trifft. Ausgebildet im Restaurant Brunnenst&ouml;cki, verfeinerte er sein K&ouml;nnen in renommierten H&auml;usern wie dem Steirereck Wien, Schloss M&ouml;nchstein und D&ouml;llerer. Neun Jahre lang pr&auml;gte er das Incantare in Heiden mit zwei Michelin-Sternen. Nun bringt er seine Handschrift ins Chapter Two &ndash; regional verwurzelt, international inspiriert.</span></p>;9.522763425765161;47.139994495358565;Städtle 23;9490;Vaduz;+423 239 20 20;info@residence.li;https://www.chaptertwo.li/;[{'@type': 'ImageObject', 'contentUrl': 'https://ltmpimtsoch.sos-ch-dk-2.exoscale-cdn.com/catalog/c/6/2/a/c62ac9e80d821c745f65124db8049b8d7ce0a676_chapter_two_vaduz_restaurant.jpeg', 'caption': {'de': 'Gedeckte Tische im Chapter Two', 'en': 'Bistro Residence'}}];2026-09-22T12:18:27+02:00
ba3c1da5-fb4f-45e1-bf02-9c0fd3656f4a;Restaurant JUFA Hotel;Das Restaurant im JUFA Hotel bietet hausgemachte Spezialitäten, zubereitet mit regionalen Zutaten.;<p>Im <span data-start="28" data-end="58" style="">Restaurant des JUFA Hotels</span> in <span data-start="62" data-end="72" style="">Malbun</span> erwarten dich <span data-start="87" data-end="117" style="">hausgemachte Spezialitäten</span> und <span data-start="122" data-end="149" style="">internationale Gerichte</span> – frisch zubereitet mit Zutaten von <span data-start="186" data-end="212" style="">regionalen Lieferanten</span>. Besonders beliebt sind die <span data-start="241" data-end="263" style="">Malbuner Bratwurst</span> und die <span data-start="272" data-end="296" style="">selbstgemachte Pinsa</span>. Ergänzt wird das kulinarische Angebot durch eine <span data-start="385" data-end="412" style="">feine Auswahl an Weinen</span>, die das Essen perfekt abrunden – ideal für einen genussvollen Aufenthalt in den Bergen.</p>;9.604893922805788;47.104908652000546;Malbunstrasse 60;9497;Malbun;+423 399 20 00;malbun@jufahotels.com;https://www.jufahotels.com/hotel/malbun/;[{'@type': 'ImageObject', 'contentUrl': 'https://ltmpimtsoch.sos-ch-dk-2.exoscale-cdn.com/catalog/8/7/5/9/8759a5ab7efc6fee799230c78f187078c7adea4d_restaurant_jufa_hotel_malbun.jpeg', 'caption': {'de': 'Aussenaufnahme des Restaurants im JUFA Hotel', 'en': 'Restaurant JUFA Hotel'}}];2026-09-22T14:17:28+02:00
bcc0a710-f1e4-4e32-bff6-d583177a8f9d;Restaurant Vögeli;Das Team des Restaurants Vögeli verwöhnt dich mit regionaler und internationaler Küche. ;<p>Der Chef persönlich garantiert die hohe Qualität der Köstlichkeiten aus Küche und Keller.</p><p>Bei schönem Wetter bist du eingeladen, dich auf der grosszügig konzipierten Sonnenterrasse mit Aussenbar kulinarisch verwöhnen zu lassen und das einzigartige Bergpanorama auf dich wirken zu lassen.<br></p>;9.608010649681093;47.10271022188679;9497;Malbun;+423 265 31 00;info@alpenhotel.li;https://www.alpenhotel.li/das-alpenhotel/philosophie;[{'@type': 'ImageObject', 'contentUrl': 'https://ltmpimtsoch.sos-ch-dk-2.exoscale-cdn.com/catalog/4/e/3/f/4e3f38b77d349dc110da520ee801f743d69228f1_Alpenhotel_Malbun_001.jpg', 'caption': {'de': 'Aussenaufnahme des Restaurant Vögeli', 'en': 'Restaurant Voegeli'}}];2026-09-24T14:17:00+02:00
be5d2d19-ab2f-4570-886c-9a8d1a4201b7;Restaurant tenn;Das Restaurant tenn im Hotel kommod in Ruggell vereint modernes, gemütliches Ambiente, feine Kochkünste und ein entspannter Service unter einem Dach.;<p>Im Restaurant tenn verschmelzen regionale Produkte mit feiner Weltküche zu einem echten Genusserlebnis. Eine exquisite Weinauswahl, kreative Drinks und ein modernes, gemütliches Ambiente schaffen den perfekten Rahmen für genussvolle Momente. Der aufmerksame Service rundet das Erlebnis ab.</p><p>Ob mit Freunden und Familie, Kollegen oder Businesspartnern – das tenn ist der ideale Ort zum Geniessen und Feiern. Hochwertige Qualitätsprodukte von ausgewählten regionalen Partnern bilden die Grundlage des Gourmetkonzepts, das den Gaumen verwöhnt.</p><p></p><p>Das Team unterstützt dich auch gerne bei der Planung und Organisation deines Events.</p>;9.528002812505227;47.24872928337317;Industriering 14;9491;Ruggell;+423 377 37 70;tenn@kommod.li;http://www.tenn.li/;[{'@type': 'ImageObject', 'contentUrl': 'https://ltmpimtsoch.sos-ch-dk-2.exoscale-cdn.com/catalog/f/b/5/f/fb5f1ff35f1b368b458fa511425191bfa0dd6669_restaurant_tenn_ruggell_liechtenstein.jpeg', 'caption': {'de': 'Aussenaufnahme des Restaurant tenn', 'en': 'Restaurant tenn'}}];2026-09-24T12:57:39+02:00
c0028185-293a-4ec4-9382-cac19a221bff;Restaurant Forum;Das Restaurant Forum ist bekannt für seine währschafte Küche. Im Sommer lädt die Terrasse draussen zum Verweilen ein.;<p>Auf der Speisekarte stehen Klassiker wie Schnitzel, Cordon Bleu und Kalbsgeschnetzeltes mit Rösti. Zum Dessert werden verschiedene Coupes und andere süsse Leckereien angeboten.</p>;9.507063031196596;47.15710424723084;Gapetschstrasse 87;9494;Schaan;+423 232 57 10;https://www.facebook.com/RestaurantForumSchaan/;[{'@type': 'ImageObject', 'contentUrl': 'https://ltmpimtsoch.sos-ch-dk-2.exoscale-cdn.com/catalog/5/a/8/e/5a8edf58ec3aae621749457e3e7585c5a9729230_restaurant_forum_schaan.jpeg', 'caption': {'de': 'Aussenansicht des Restaurants Forum'}}];2026-05-15T23:41:56+02:00
c4ae1148-1366-4a86-88e0-80fd3af5f611;Malbipark-Bistro;Geniesse auf der Terrasse einen atemberaubenden Blick auf die Liechtensteiner Bergwelt.;<p data-start="0" data-end="89">Das Bistro verw&ouml;hnt dich mit aromatischem Kaffee, einer feinen Auswahl an Bieren, Wein, Prosecco und Ap&eacute;ro-Getr&auml;nken &ndash; dazu gibt es eine kleine, aber feine Speisekarte.</p><p data-start="0" data-end="89">&Uuml;ber die Sommermonate bleibt das Bistro geschlossen.</p>;9.606635392301314;47.10254191798611;Pradameestrasse 11;9497;Malbun;078 648 62 17;bistro@malbipark.li;https://www.malbipark.li/;[{'@type': 'ImageObject', 'contentUrl': 'https://ltmpimtsoch.sos-ch-dk-2.exoscale-cdn.com/catalog/0/f/7/c/0f7cd672aba9aa4a221cc44ec212ce88d06fecb7_malbi_bistro_malbun_liechtenstein.jpeg', 'caption': {'de': 'Aussenaufnahme des Malbipark-Bistro', 'en': 'Malbipark-Bistro'}}];2026-09-22T14:23:38+02:00
c60545ec-1e01-4daa-8491-1acb038c3b4f;TANG Restaurant;Das TANG vereint traditionelle chinesische Küche mit regionalen Zutaten - ein authentisches Geschmackserlebnis in gastfreundlicher Atmosphäre.;<p>Das TANG Restaurant in Ruggell lädt zu einer kulinarischen Reise durch die traditionelle chinesische Küche ein. Die Gerichte werden mit frischen, saisonalen Gemüsesorten und hochwertigen Fleischprodukten aus der Region kombiniert, um ein harmonisches Geschmackserlebnis zu schaffen. In einem einladenden Ambiente wird grosser Wert auf Gastfreundschaft gelegt, während sorgfältig zubereitete Spezialitäten serviert werden.</p>;9.526909452743533;47.24214621365317;Dorfstrasse 29;9491;Ruggell;+423 231 11 68;info@tang-restaurant.com;http://www.tang-restaurant.com;[{'@type': 'ImageObject', 'contentUrl': 'https://ltmpimtsoch.sos-ch-dk-2.exoscale-cdn.com/catalog/c/7/0/d/c70dc4daade7f4f26e0a3aa951f78506bd0adad1_tang_restaurant_ruggell.jpeg', 'caption': {'de': 'Aussenansicht des TANG Restaurants'}}];2025-10-20T14:54:31+02:00
c6d7f847-84a6-4e91-938e-29110a50795d;CAFE im Kunstmuseum;Das Café im Kunstmuseum bietet eine feine Auswahl an Speisen, darunter leckere Reissalate und hochwertiges Sushi.;<p>Das Restaurant befindet sich im international bekannten Kunstmuseum Liechtenstein in Vaduz. Die Gäste schätzen die feinen Sushi, Sashimi und Reissalat-Lunches, die täglich von japanischen Meistern geboten werden.<br></p>;9.522378444671633;47.13942801259835;Städtle 32;9490;Vaduz;+423 232 63 00;info@adler.li;https://www.adler.li/cafe-im-kunstmuseum;[{'@type': 'ImageObject', 'contentUrl': 'https://ltmpimtsoch.sos-ch-dk-2.exoscale-cdn.com/catalog/2/8/7/b/287b57fba6c424de262cba32e225f315b0a62341_cafe_im_kunstmuseum_vaduz.jpeg', 'caption': {'de': 'Aussenaufnahme des CAFE im Kunstmuseum', 'en': 'CAFE im Kunstmuseum'}}];2026-09-22T12:24:42+02:00
c7f80e31-fcc9-4d15-bfa7-05f12ac25796;Restaurant zur alten Eiche;Das Restaurant zur alten Eiche verwöhnt dich mit köstlichen saisonalen Spezialitäten aus der Küche, sowie einer vorzüglichen Auswahl an Weinen.;<p>Geniess die abwechslungsreichen Men&uuml;s aus der modernen und kreativen K&uuml;che und lass dich von den vielf&auml;ltigen Aromen begeistern.</p><p>Die Weinauswahl umfasst erlesene Tropfen aus Liechtenstein, der Schweiz, &Ouml;sterreich, Italien, Frankreich und Spanien. Zu jedem Gericht findet sich der passende Wein.</p>;9.527246967842684;47.08632999496385;Sägastrasse 29;9495;Triesen;+423 392 26 86;info@alteeiche.li;http://www.alteeiche.li;[{'@type': 'ImageObject', 'contentUrl': 'https://ltmpimtsoch.sos-ch-dk-2.exoscale-cdn.com/catalog/f/1/a/1/f1a110efef92e0887f5c0cef651adb5f16745b54_restaurant_zur_alten_eiche_triesen.jpeg', 'caption': {'de': 'Aussenaufnahme des Restaurants zur alten Eiche'}}];2026-09-22T13:46:10+02:00
c823ab25-081d-41b8-9ee2-d21bab9508b7;PUR Restaurant & Bar;Im Herzen von Schaan lädt das Restaurant PUR dazu ein, kulinarische Vielfalt in stilvollem Ambiente zu geniessen.;<p>Das PUR ist der ideale Ort für genussvolle Momente.</p><p>Zur Mittagszeit erwartet dich ein abwechslungsreiches Angebot unter dem Motto köstlich – frisch – schnell: Von wechselnden Wochenkarten über kreative Burger-Variationen bis hin zu asiatischen und traditionellen Menüs.</p><p>Am Abend steht PUR für höchste Qualität. Ob saftige Steaks vom Grill, raffinierte Burger, feine Pasta oder vegetarische Gerichte – hier kommt nur das Beste auf den Teller.</p><p>In den warmen Monaten lädt die gemütliche Terrasse dazu ein, den Abend entspannt unter freiem Himmel ausklingen zu lassen.</p>;9.510045647621157;47.166645912157264;Landstrasse 15;9494;Schaan;+423 239 97 00;pur@pur.li;https://www.pur.li;[{'@type': 'ImageObject', 'contentUrl': 'https://ltmpimtsoch.sos-ch-dk-2.exoscale-cdn.com/catalog/1/f/2/d/1f2de1448e29d27f37dd3fcf510f1b6553e17c36_pur_restaurant_bar_schaan.jpeg', 'caption': {'de': 'Aussenaufnahme des PUR Restaurant & Bar', 'en': 'PUR Restaurant & Bar'}}];2026-09-24T13:40:37+02:00
c90131cf-dad5-401b-83af-8123f6680103;Gasthof Löwen;Der Gasthof Löwen in Vaduz verbindet Tradition mit Genuss. In einem über 600 Jahre alten historischen Ambiente erwarten dich köstliche Speisen und erlesene Getränke.;<p>Wer in Vaduz auf der Suche nach einem besonderen Genusserlebnis ist, wird im Gasthof Löwen fündig. Das geschichtsträchtige Haus hat über die Jahrhunderte unzählige Gäste empfangen und lädt heute mit seiner warmen, gemütlichen Atmosphäre zum Verweilen ein. Ob regionale Spezialitäten oder feine Klassiker – hier geniesst du Qualität in einem einzigartigen Ambiente.</p>;9.518811106681826;47.14267178732114;Herrengasse 35;9490;Vaduz;+423 238 11 44;office@hotel-loewen.li;http://www.hotel-loewen.li;[{'@type': 'ImageObject', 'contentUrl': 'https://ltmpimtsoch.sos-ch-dk-2.exoscale-cdn.com/catalog/e/9/4/c/e94c9514707b8c42995df4daf7fd68c3b75a4a6e_gasthof_loewen_vaduz.jpeg', 'caption': {'de': 'Aussenaufnahme des Gasthofs Löwen', 'en': 'Gasthof Löwen'}}];2026-09-23T08:02:07+02:00
cba68c76-0091-4c84-8882-199018d49e89;Pizzeria Restaurant Gitzihöll;Die «Gitzihöll» ist ein gemütliches Restaurant in Malbun mit Höhlenambiente und leckeren Pizzas.;<p>Das <span data-start="29" data-end="62">Restaurant Gitzih&ouml;ll</span> in <span data-start="66" data-end="76">Malbun</span> f&auml;llt durch seine <span data-start="95" data-end="110">H&ouml;hlenoptik</span> auf und sorgt f&uuml;r eine <span data-start="134" data-end="181">gem&uuml;tliche Atmosph&auml;re</span>. Auf der Speisekarte stehen unter anderem&nbsp;<span data-start="210" data-end="229">Pizzas, Pasta und Schnitzel.</span></p><p><span data-start="210" data-end="229">Das Restaurant bietet w&auml;hrend den &Ouml;ffnungszeiten auch Take-Away an.</span></p>;9.610043764114382;47.10080059663041;Heitastrasse 3;9497;Malbun;+423 260 00 33;info@gitzihoell.li;http://www.gitzihoell.li;[{'@type': 'ImageObject', 'contentUrl': 'https://ltmpimtsoch.sos-ch-dk-2.exoscale-cdn.com/catalog/4/d/b/3/4db33b84e76987fd46055f0927c6839b410cc8c2_pizzeria_restaurant_gitzihoell_malbun.jpeg', 'caption': {'de': 'Aussenansicht des Haus Alpina im Bergort Malbun'}}];2026-09-22T14:21:13+02:00
cec195e6-2cd7-4706-a03b-244c9c457cd7;Centrum Grill & Café;Das Centrum ist ein gemütlicher Treffpunkt für alle, die es unkompliziert mögen. ;<p>Das Centrum Grill &amp; Caf&eacute; befindet sich im Zentrum von Vaduz. Auf der vielseitigen Speisekarte stehen Kebap, Falafel, Pizza und weitere Klassiker. Drinnen bietet das Lokal &uuml;ber 60 Sitzpl&auml;tze, auf der sonnigen Terrasse ist Platz f&uuml;r rund 50 G&auml;ste &ndash; ideal also auch f&uuml;r gr&ouml;ssere Gruppen. Besonders attraktiv: Ab 20 Personen gibt es Gruppenrabatte.&nbsp;</p>;9.522110223770143;47.141201329110835;Städtle 5;9490;Vaduz;+41 78 735 39 00;centrum-grill@hotmail.com;https://www.centrum.li/;[{'@type': 'ImageObject', 'contentUrl': 'https://ltmpimtsoch.sos-ch-dk-2.exoscale-cdn.com/catalog/6/2/d/c/62dcdebf6858640a77972b4c0770b736ebc0eb51_centrum_grill_cafe_vaduz.jpeg', 'caption': {'de': 'Aussenaufnahme des Centrum Grill & Café'}}];2026-09-22T12:03:54+02:00
d1055e66-3f3d-4fb4-8049-0e4caf78eb0a;Altenbach;Mitten im Herzen von Vaduz lädt das Altenbach zu genussvollen Momenten ein. Restaurant und Bar vereinen sich hier in einem legeren Ambiente mit modernem Design.;<p>Das Altenbach steht für kreative, frische und hochwertige Küche. Hier treffen traditionelle, italienische, amerikanische und asiatische Einflüsse aufeinander – immer mit einem überraschenden Twist. Die entspannte Atmosphäre und das trendige Design machen das Altenbach zu einem Treffpunkt für Geniesser, die das Besondere suchen.</p>;9.521863460540773;47.14118316968769;Städtle 3;9490;Vaduz;+423 232 84 84;info@altenbach.li;https://www.altenbach.li/;[{'@type': 'ImageObject', 'contentUrl': 'https://ltmpimtsoch.sos-ch-dk-2.exoscale-cdn.com/catalog/f/a/3/5/fa35f45e73e16a353079fab9cf4bc623878a093d_restaurant_altenbach_vaduz.jpeg', 'caption': {'de': 'Aussenaufnahme des Altenbach'}}];2026-09-22T12:01:23+02:00
d609c093-2dff-4a0c-8754-77ec332057ee;Osteria Adler;In der Osteria Adler in Triesen isst du wie in Italien und fühlst dich gleichzeitig wie zu Hause.;<p>Die Osteria Adler bietet klassische italienische Küche in gemütlicher Atmosphäre. Gäste erwartet eine Auswahl an authentischen Gerichten – von knusprigen Pizzas über hausgemachte Pasta bis hin zu weiteren Spezialitäten aus verschiedenen Regionen Italiens.</p><p>Im Fokus stehen traditionelle Rezepte, sorgfältig zubereitet mit frischen Zutaten. </p>;9.525243043899538;47.10653018351199;Landstrasse 289;9495;Triesen;+423 376 50 42;https://www.instagram.com/osteria.adler/;[{'@type': 'ImageObject', 'contentUrl': 'https://ltmpimtsoch.sos-ch-dk-2.exoscale-cdn.com/catalog/b/f/0/0/bf00719be477bd575bf517bf32506447fb9a753f_osteria_adler_triesen.jpeg', 'caption': {'de': 'Aussenaufnahme der Osteria Adler'}}];2026-09-22T13:37:29+02:00
d6a58dcf-f27e-4b71-9f0d-c9269022152e;FAGO by meier;Im FAGO in Eschen verschmelzen Gaumenfreuden mit Augenschmaus und behaglichem Ambiente. ;<p>Ob zum gemütlichen Abendessen im Restaurant oder auf ein Feierabendgetränk in der Raucherbar – Stephanie und Sandro Meier und ihr Team verwöhnen ihre Gäste mit raffiniert zubereiteten, saisonalen Speisen und einer Auswahl erlesener Weine.</p><p>In den Sommermonaten lädt der stilvolle Gastgarten zum Verweilen und Geniessen im Freien ein. Das Restaurant bietet zudem ausreichend Platz für Feiern jeder Art – von der Geburtstagsrunde über Taufen bis hin zur Hochzeit.</p>;9.522770740238084;47.21110426294684;St. Luzi-Strasse 22;9492;Eschen;+423 371 14 14;info@fago.li;http://www.fago.li;[{'@type': 'ImageObject', 'contentUrl': 'https://ltmpimtsoch.sos-ch-dk-2.exoscale-cdn.com/catalog/7/3/f/6/73f6cfb01b3e91c26a0f57507efbe20b12f0d494_fago_by_meier_eschen_restaurant.jpeg', 'caption': {'de': 'Aussenaufnahme des FAGO by meier', 'en': 'Restaurant Fago by meier'}}];2026-09-24T13:36:11+02:00
d9c0c311-2a3f-4067-adec-b9534063e3cd;Restaurant Pedroni;Das Restaurant für frische, saisonale und regionale Speisen im Herzen von Triesen.;<p>Marco kocht für dich feine saisonale und regionale Gerichte, ob für traute Zweisamkeit oder in geselliger Runde. Ingo mixt feine Hauscocktails und berät dich gerne bei der Weinauswahl.</p><p>Mittags hast du die Wahl zwischen verschiedenen Hauptgerichten. Abends erwarten dich feine Köstlichkeiten aus Marcos Küche.</p>;9.525361061096193;47.108344301751806;Landstrasse 261;9495;Triesen;+423 370 11 88;info@pedroni.li;https://www.pedroni.li/index.html;[{'@type': 'ImageObject', 'contentUrl': 'https://ltmpimtsoch.sos-ch-dk-2.exoscale-cdn.com/catalog/8/d/7/4/8d7414b82423df37473be633adf5fcf49be07e23_restaurant_pedroni_triesen.jpeg', 'caption': {'de': 'Aussenansicht des Restaurants Pedroni'}}];2025-10-20T14:54:38+02:00
da508253-3a57-4e79-824d-061c5aee37a3;Zentrum Balzers;Das Restaurant Zentrum Balzers im Süden Liechtensteins serviert authentische italienische Küche. Genuss und Gastfreundschaft gehen hier Hand in Hand.;<p>Im Zentrum Balzers geniessen G&auml;ste authentische italienische K&uuml;che. In herzlicher Atmosph&auml;re serviert das Restaurant frisch zubereitete Pasta, feine Antipasti, klassische Pizze und ausgew&auml;hlte Fleischgerichte. Wer zur Mittagszeit einkehrt, darf sich auf ein w&ouml;chentlich wechselndes Tagesmen&uuml; freuen.</p>;9.503549337387087;47.067063572440595;Gnetsch 34;9496;Balzers;+423 384 57 50;info@zentrum-balzers.li;https://www.zentrum-balzers.li/;[{'@type': 'ImageObject', 'contentUrl': 'https://ltmpimtsoch.sos-ch-dk-2.exoscale-cdn.com/catalog/a/a/7/8/aa789fcc701810a1da078250abf6b96ea7a7426b_restaurant_zentrum_balzers.jpeg', 'caption': {'de': 'Aussenaufnahme des Restaurants Zentrum', 'en': 'Restaurant Zentrum'}}];2026-09-22T13:51:59+02:00
db255aa3-4943-4ebe-a3e4-92536246a428;Giessen Coffeehouse;Das Giessen Coffeehouse in Vaduz verwöhnt mit frischem Kaffee, Tees, Smoothies, New-York-Style-Bagels, Salaten, Suppen und Süssem.;<p>Im Giessen Coffeehouse in Vaduz erwartet dich eine vielfältige Auswahl an frisch zubereiteten Speisen und Getränken. Von hochwertigem Kaffee und Tee über Smoothies, New-York-Style-Bagels, Salate und Suppen bis hin zu hausgemachtem Süssem – hier wird auf beste Qualität und Bio-Zutaten geachtet.</p><p>Geniessen kannst du die Spezialitäten in der gemütlichen Lounge, auf der überdachten Terrasse oder im grünen Garten. Ob Frühstück, Mittagessen oder eine kleine Auszeit am Nachmittag – alle Speisen und Getränke gibt es auch zum Mitnehmen.</p>;9.520050287246706;47.13297988304543;Zollstrasse 16;9490;Vaduz;+423 235 00 35;coffeehouse@giessen.li;https://giessen.li/coffeehouse/;[{'@type': 'ImageObject', 'contentUrl': 'https://ltmpimtsoch.sos-ch-dk-2.exoscale-cdn.com/catalog/6/9/5/d/695dca61ebc3687deb4127516eec922d10f4d81c_ff_093.JPG', 'caption': {'de': 'Innenaufnahme des Giessen Coffeehouse', 'en': 'Giessen Coffeehouse'}}];2026-09-23T16:11:56+02:00
e583b332-e98c-49e0-bdb4-f76367838210;Bäckerei Wüst Balzers;Die Bäckerei und das dazugehörige Café befinden sich im Roxy Center in Balzers.;<p>Neben ofenfrischen Broten und Kleingeb&auml;ck bietet die B&auml;ckerei eine feine Auswahl an Sandwiches, Salaten und s&uuml;ssen Desserts. Wer Schokolade liebt, wird hier ebenso f&uuml;ndig wie Kaffee-Liebhaber. In der Gelateria warten saisonale Glacesorten, und f&uuml;r kleine Aufmerksamkeiten stehen s&uuml;sse Geschenkideen bereit.</p>;9.512309432029726;47.07555101549962;Landstrasse 20;9496;Balzers;+423 399 88 22;[{'@type': 'ImageObject', 'contentUrl': 'https://ltmpimtsoch.sos-ch-dk-2.exoscale-cdn.com/catalog/9/a/9/7/9a97dc3e4b6fe969897414a54ea8065df7d49acb_baeckerei_wuest_balzers.jpeg', 'caption': {'de': 'Eingang der Bäckerei Wüst'}}];2025-10-20T14:54:39+02:00
e790c7e0-bd27-4dea-bacd-634ee0715c55;Restaurant Rössle;Das Restaurant Rössle kombiniert traditionsreiche Gastfreundschaft mit frischer Küche und gemütlichem Ambiente.;<p>Im Rössle werden von Montag bis Freitag täglich wechselnde Mittagsmenüs angeboten. Am Abend kannst du dein Lieblingsmenü à la carte wählen. Alle Speisen werden täglich frisch zubereitet und mit saisonalen Produkten kombiniert.</p> <p>Nebst der Gaststube verfügt das Rössle über einen Saal, welcher sich ideal für Familien-, Firmen- oder Vereinsfeiern eignet.</p>;9.508597254753115;47.164443043655076;Landstrasse 48;9494;Schaan;+423 232 17 07;info@restaurant-roessle.li;http://www.restaurant-roessle.li;[{'@type': 'ImageObject', 'contentUrl': 'https://ltmpimtsoch.sos-ch-dk-2.exoscale-cdn.com/catalog/7/9/6/f/796fb0fe3ffbed8e62bd722bf732fdc752295d18_restaurant_roessle_schaan.jpeg', 'caption': {'de': 'Aussenaufnahme des Restaurant Rössle', 'en': 'Restaurant Roessle'}}];2026-09-23T07:54:57+02:00
e817fd4f-d838-4011-a7e0-d740870045a1;Restaurant Torkel;Das Restaurant Torkel befindet sich im fürstlichen Weinberg Herawingert in Vaduz und wurde mit 16 Gault-Millau-Punkten ausgezeichnet.;<p>Das Restaurant befindet sich in einem mittelalterlichen Gebäude, den Innenraum beherrscht ein aus einem Stück gefertigter Torkelbaum. Ende der 1960er Jahre wurde das Gebäude zum Restaurant ausgebaut. Zwischen Trauben, Weinreben und einem bunt gemischten Publikum lässt es sich vorzüglich ein köstliches Essen geniessen.</p><p>Ivo Berger hat den Anspruch, stets den Gast und dessen Geschmack im Fokus zu haben. Nicht Trends nachzulaufen, sondern mit einer guten Portion Demut gegenüber den kulinarischen Vorgängern, das eigene Können stets weiter auszubauen. Das Verwenden hochwertigster Produkte aus dem In- und Ausland ist für ihn keine Selbstverständlichkeit, sondern ein Privileg. Zu den ausgezeichneten Speisen kannst du aus einem Sortiment von 300 Weinen aus allen Regionen Europas auswählen.</p><p> Eine überdachte und geheizte Terrasse überrascht mit einer herrlichen Aussicht.</p>  ;9.519513845443727;47.14421152877399;Hintergass 9;9490;Vaduz;+423 232 44 10;office@torkel.li;http://www.torkel.li/;[{'@type': 'ImageObject', 'contentUrl': 'https://ltmpimtsoch.sos-ch-dk-2.exoscale-cdn.com/catalog/d/6/e/8/d6e8ea166dfd574c0794d1879a6fb6c53cf32989_restaurant_torkel_gourmet_vaduz.jpeg', 'caption': {'de': 'Aussenaufnahme des Restaurant Torkel', 'en': 'Restaurant Torkel'}}];2026-09-23T08:05:16+02:00
e971fac6-81e7-4fe5-ba9e-13a58404627a;Ristorante Cesare;Römisches Ambiente, kreative, italienische Küche, die dazu passenden Qualitätsweine und dazu die Aussicht auf den Rathausplatz – das alles bietet das Cesare inmitten von Vaduz.;<p>Mit viel Liebe zum Detail werden anspruchsvolle und kreative Gerichte aus frischen und naturnahen Zutaten gezaubert. Lassen sie sich hausgemachte Pasta, mediterrane Fischspezialitäten oder das legendäre Risotto auf der Zunge zergehen, während sie in römischem Ambiente die Zeit vergessen.</p>;9.522791500706848;47.14057371340195;Städtle 15;9490;Vaduz;+423 232 85 34;burg@adler.li;http://www.adler.li;[{'@type': 'ImageObject', 'contentUrl': 'https://ltmpimtsoch.sos-ch-dk-2.exoscale-cdn.com/catalog/0/a/1/8/0a18779b23f401c69322f28da2e73e1dbb74b552_ristorante_cesare_vaduz.jpeg', 'caption': {'de': 'Aussenaufnahme des Ristorante Cesare'}}];2026-09-22T12:11:20+02:00
e99a8e5e-b90e-46a9-adcb-22ed5bfb12ad;Gasthof Au;Der Gasthof Au in Vaduz bietet frische, gutbürgerliche Küche in einer der ältesten Beizen des Ortes.;<p>Der Gasthof Au in Vaduz gehört zu den ältesten Gaststätten in Liechtensteins Hauptort und bietet eine urige Atmosphäre, in der sich Jung und Alt wohlfühlen. Die frische, gutbürgerliche Küche begeistert mit traditionellen Gerichten, die in der gemütlichen Gaststube oder im idyllischen Garten serviert werden. Der Gasthof kannst du auch für Veranstaltungen mieten.</p>;9.522029757499697;47.13224996023379;Austrasse 2;9490;Vaduz;+423 232 11 17;info@gasthof-au.li;http://www.gasthof-au.li;[{'@type': 'ImageObject', 'contentUrl': 'https://ltmpimtsoch.sos-ch-dk-2.exoscale-cdn.com/catalog/f/2/d/4/f2d456a1bf6a339e940b320d2ac19ea1daec6ef7_2021_12_03_LM_Shooting_Kulinarik_und_Kultur_in_Vaduz_0356.JPG', 'caption': {'de': 'Paar beim Abendessen in gemütlicher Holzstube im Gasthof Au', 'en': 'Gasthof Au'}}];2026-09-22T12:54:48+02:00
ea9709ab-cec1-4b69-85d6-7854d9ab9629;Il Rifugio;Das «Il Rifugio» ist ein kleiner italienischer Take-away in Mauren.;<p>Hier erwarten dich feine Pizzen zum Mitnehmen.</p>;9.541014432907106;47.2196228307708;Peter-und-Paul-Strasse 6;9493;Mauren;+423 373 29 93;[{'@type': 'ImageObject', 'contentUrl': 'https://ltmpimtsoch.sos-ch-dk-2.exoscale-cdn.com/catalog/0/f/c/5/0fc584b7f8ff45fb2c3f04c6c5aa4990a2c0e749_il_rifugio_takeaway_mauren_liechtenstein.jpeg', 'caption': {'de': 'Aussenaufnahme des «Il Rifugio»'}}];2026-09-24T14:30:53+02:00
f60a30eb-83c3-41f5-a669-0aaf5e28b150;Restaurant Alpspitz;Das Restaurant Alpspitz bietet erstklassigen Genuss mit regionalen Spezialitäten, modern interpretierten Klassikern und exklusivem Dry-Ager-Fleisch.;<p>Im Restaurant Alpspitz trifft traditionelle Küche auf moderne Kreationen, zubereitet aus regionalen und saisonalen Zutaten. Besonders hervorzuheben ist das exklusive Fleischangebot aus dem hauseigenen Dry Ager. Gäste erwartet eine breite Palette an kulinarischen Highlights – von klassischen Gerichten bis hin zu innovativen Neuinterpretationen. Das Restaurant befindet sich im Grand Casino Liechtenstein, kann aber unabhängig davon besucht werden.</p>;9.502685666084291;47.20498557561466;Selemad 10;9487;Gamprin-Bendern;+423 222 77 31;info@restaurant-alpspitz.li;https://restaurant-alpspitz.li;[{'@type': 'ImageObject', 'contentUrl': 'https://ltmpimtsoch.sos-ch-dk-2.exoscale-cdn.com/catalog/a/5/6/4/a564e94abd3e0501b575ad4b1a3385d03003b510_alpspitz_grand_casino_bendern_liechtenstein.jpeg', 'caption': {'de': 'Aussenaufnahme des Gebäudes des Restaurants Alpspitz', 'en': 'Restaurant Alpspitz'}}];2026-09-24T13:57:12+02:00
f685835c-6c09-4b31-b847-20f7ad62034f;Restaurant new castle;Das Restaurant new castle befindet sich an zentraler Lage mitten in Vaduz. ;<p>Das Restaurant lädt zur Kaffeepause, zum Mittag- oder Abendessen oder zu einem Feierabendbier ein und bietet eine Sonnenterrasse mit Blick auf Schloss Vaduz.&nbsp;</p>;9.521300196647646;47.13992787112641;Äulestrasse 22;9490;Vaduz;+423 233 44 22;newcastle@adon.li;http://www.new-castle.li;[{'@type': 'ImageObject', 'contentUrl': 'https://ltmpimtsoch.sos-ch-dk-2.exoscale-cdn.com/catalog/9/6/b/a/96ba1f8ef0d03433029d6f5a8c9c0b70bd08e9de_restaurant_new_castle_vaduz.jpeg', 'caption': {'de': 'Aussenaufnahme des Restaurants new castle', 'en': 'Restaurant New Castle'}}];2026-09-24T14:13:05+02:00
f6c92735-fbaa-4637-9fcf-a03d371b343c;Restaurant Vibes;Vibes steht für Frische, Qualität und Kreativität.;<p>Das Vibes bietet eine vielfältige Auswahl an gesunden Speisen – von Bowls und Wraps bis hin zu Burgern und Kebab, täglich frisch zubereitet. Auch für vegetarische Gäste gibt es eine grosse Auswahl an frischen Salaten, Gemüsebowls und vegetarischen Wraps.</p>;9.509514570236208;47.16720757908152;Bahnhofstrasse 1;9494;Schaan;+423 232 14 04;hello@vibes-restaurants.ch;http://www.vibes-restaurants.ch/;[{'@type': 'ImageObject', 'contentUrl': 'https://ltmpimtsoch.sos-ch-dk-2.exoscale-cdn.com/catalog/9/1/9/2/9192da611fd5ccf4e8bd06d6ba376a72a68b0267_vibes_schaan.jpeg', 'caption': {'de': 'Aussenansicht des Restaurants Vibes mit Terrasse'}}];2025-10-20T14:54:47+02:00
f92b6412-7300-4874-90dc-4ce2ca317885;St. Martins Pub am Platz;Das PAP ist ein Treffpunkt für Jung und Alt mitten im Zentrum von Eschen. Feine Burger und sonstige Menüs in angenehmer Pub-Atmosphäre ziehen Gäste aus dem ganzen Land an.;<p>Entstanden ist mit dem PAP ein Ort für gesellige Abende und Gespräche in Gesellschaft. Ein Treffpunkt für Eschen-Nendeln und das ganze Land, manchmal auch mit internationalen Gästen oder den Nachbarn aus dem Dreiländereck.</p>;9.524557168283861;47.2123678490269;St.-Martins-Ring 73;9493;Eschen;+423 789 99 71;info@pap.li;https://www.pap.li/;[{'@type': 'ImageObject', 'contentUrl': 'https://ltmpimtsoch.sos-ch-dk-2.exoscale-cdn.com/catalog/f/8/d/c/f8dc87f556822e085fe99a44c4e3088a0603ec84_st_martins_pub_am_platz_pap_eschen.jpeg', 'caption': {'de': 'Aussenaufnahme des St. Martins Pub am Platz'}}];2026-09-24T13:30:56+02:00
fb361bbe-d612-4c64-8668-d5cffd279957;Restaurant Vivid;Das Restaurant Vivid in Triesen bietet Gourmetküche auf höchstem Niveau, bei der regionale Produkte auf internationale Erfahrung treffen.;<p>Im Restaurant Vivid in Triesen erwartet dich ein kulinarisches Erlebnis der besonderen Art. Die exzellente Küche kombiniert sorgfältig ausgewählte, regionale Produkte mit der internationalen Erfahrung des Inhabers und Küchenchefs. Dabei entstehen gesunde und genussvolle Speisen, die von feinen Weinen aus der Region perfekt ergänzt werden.</p>;9.52366674822122;47.11818235054985;Landstrasse 80;9495;Triesen;+423 791 70 09;vivid.triesen@gmail.com;https://restaurantvivid.li/;[{'@type': 'ImageObject', 'contentUrl': 'https://ltmpimtsoch.sos-ch-dk-2.exoscale-cdn.com/catalog/e/9/4/e/e94e524a0f5027391a30388333ae4bd6b1fcd983_restaurant_vivid_hotel_schatzmann_triesen.jpeg', 'caption': {'de': 'Aussenaufnahme des Restaurants Vivid', 'en': 'Restaurant Vivid'}}];2026-09-22T13:07:08+02:00
fe883b54-94f7-498e-ab9b-4769762ac3ed;Brasserie Burg;Die Brasserie Burg, nur wenige Schritte vom Busparkplatz entfernt, bietet eine vielfältige Auswahl an Gerichten und Getränken.;<p style="box-sizing: inherit; line-height: 21px; font-variant-numeric: lining-nums;">Die Brasserie Burg ist ein charmantes Restaurant, das seine Gäste nicht nur mit köstlichen Gerichten am Mittag und Abend verwöhnt, sondern auch zu einer gemütlichen Kaffeepause oder einem entspannten Feierabendbier einlädt.</p><p style="box-sizing: inherit; line-height: 21px; font-variant-numeric: lining-nums;">Nur einige Schritte vom Busparkplatz entfernt offeriert das Restaurant feinste Steinofen-Pizzas, Sandwiches, Burgers und hausgemachte Pasta. Darunter finden sich auch ausreichend vegetarische und vegane Speisen.</p>;9.522748018101746;47.140586711335125;Städtle 15;9490;Vaduz;+423 232 21 31;burg@adler.li;http://www.adler.li;[{'@type': 'ImageObject', 'contentUrl': 'https://ltmpimtsoch.sos-ch-dk-2.exoscale-cdn.com/catalog/8/a/2/b/8a2b3bb470ca98ffba0cf2baadfb57e1f87bf26f_brasserie_burg_vaduz.jpeg', 'caption': {'de': 'Aussenaufnahme der Brasserie Burg im Vaduzer Städtle', 'en': 'Brasserie Burg'}}];2026-09-22T12:07:28+02:00
