id;name;disambiguatingDescription;description;longitude;latitude;streetAddress;postalCode;addressLocality;telephone;email;url;image;dateModified2022c090-07d1-4362-a24e-8f71486a4297;Park Hotel Sonnenhof;Das Park Hotel Sonnenhof, eine charmante Relais & Châteaux-Residenz, begeistert mit idyllischer Lage, liebevoll gestalteten Zimmern und ausgezeichneter Küche.;<p>Durch seine idyllische Lage im Herzen von Liechtenstein, ungef&auml;hr auf der H&ouml;he von Schloss Vaduz und umgeben von der hoteleigenen Parkanlage mit Quellwasser-Schwimmbad und Sauna, ist der Sonnenhof ein idealer Ort zum Entspannen. Das Restaurant sowie die Hotelzimmer sind mit viel Liebe zum Detail gestaltet. Sie verf&uuml;gen &uuml;ber Balkon bzw. Terrasse mit Aussicht auf die lokalen Weinberge, das Rheintal und die Schweizer Alpen. Die Besucher erwartet eine diskrete, leg&egrave;re Eleganz zum Wohlf&uuml;hlen sowie Familiengeist und inspirierende K&uuml;che.</p><p>Mit der Zustimmung des Hotels sind Haustiere grunds&auml;tzlich erlaubt. Es f&auml;llt eine entsprechende Geb&uuml;hr an.</p>;9.523318906607185;47.14713960081027;Mareestrasse 29;9490;Vaduz;+423 239 02 02;real@sonnenhof.li;https://www.sonnenhof.li;[{'@type': 'ImageObject', 'contentUrl': 'https://ltmpimtsoch.sos-ch-dk-2.exoscale-cdn.com/catalog/d/f/d/b/dfdbbb2f38334fd9a300726b036b6b2861de9b7b_Aussenansicht3.jpg', 'caption': {'de': 'Aussenansicht des Park Hotel Sonnenhof mit Gartenanlage', 'en': 'Park Hotel Sonnenhof'}}];2026-07-09T11:05:56+02:00
21f3a2a8-909b-436a-b01f-f621dc7bc4b3;Vaduzerhof by b_smart;Übernachten im Herzen des Fürstentums Liechtenstein mit Blick auf Schloss Vaduz.;<p>Nur rund vier Autominuten von der Autobahn A13 entfernt, befindet sich der Vaduzerhof by b_smart im Zentrum vom Hauptort Vaduz. Das historische Hotel ist im 1844 erbauten Geb&auml;ude untergebracht, in welchem der Liechtensteiner Landtag von 1862 &ndash; 1867 tagte.</p><p>Einchecken kann man selbst&auml;ndig rund um die Uhr am Check-in Terminal und anschliessend eines der 35 Zimmer beziehen. Nutze die Zentrumslage und flaniere durch die Fussg&auml;ngerzone Vaduz oder entspannen dich im Kellergew&ouml;lbe in der Sauna.</p><p>Egal ob Gesch&auml;ftsreise oder Ferientrip ins F&uuml;rstentum Liechtenstein &ndash; der Vaduzerhof bietet den idealen zentralen Ausgangspunkt.</p><p>Haustiere sind erlaubt, jedoch f&auml;llt eine Geb&uuml;hr von CHF 25 pro Nacht an.</p>;9.52168643474579;47.14120143372696;Städtle 3;9490;Vaduz;+423 237 46 46;info@vaduzerhof.net;https://www.vaduzerhof.net/;[{'@type': 'ImageObject', 'contentUrl': 'https://ltmpimtsoch.sos-ch-dk-2.exoscale-cdn.com/catalog/c/f/c/f/cfcf685eea2ef05d1e1fc0cdcdd1b9da2261a7b3_4862_VADUZERHOF.jpg', 'caption': {'de': 'Aussenansicht des Vaduzerhof by b_smart', 'en': 'Hotel Vaduzerhof, Vaduz'}}];2026-09-09T14:45:19+02:00
33e1cc9c-c894-44a3-ab03-51acb09201ad;Hotel-Gasthof Löwen;Der Gasthof Löwen am Nordrand des Vaduzer Zentrums, dessen Kerngebäude auf das Jahr 1388 zurückgeht, gilt als eine der guten Adressen.;<p>Die Zimmer sind mit eleganten Stilm&ouml;beln und bequemen Betten ausgestattet. Mit viel Liebe zum Detail bietet das Hotel seinen G&auml;sten historisches Ambiente und zeitgem&auml;ssen Komfort.</p><p>Das Zentrum von Vaduz ist nur wenige Gehminuten entfernt.</p><p>Mit der Zustimmung des Hotels sind Haustiere grunds&auml;tzlich erlaubt. Es f&auml;llt m&ouml;glicherweise eine entsprechende Geb&uuml;hr an.</p>;9.518821835517885;47.14269373220092;Herrengasse 35;9490;Vaduz;+423 238 11 44;office@hotel-loewen.li;https://www.hotel-loewen.li/tagungen/;[{'@type': 'ImageObject', 'contentUrl': 'https://ltmpimtsoch.sos-ch-dk-2.exoscale-cdn.com/catalog/9/e/d/5/9ed5001c6bd1e9ee6c416248c6f7ad33789eb2bf_2013_hotel_l__wen_vaduz_01__1_.jpg', 'caption': {'de': 'Aussenansicht des Hotel-Gasthof Löwen oberhalb der Weinberge', 'en': 'Hotel-Gasthof Loewen'}}];2026-07-09T08:26:35+02:00
3c87193c-b4aa-4a2d-9da1-ec467fe92bf6;Alpin Royal Hotel;Erlebe stilvolle Entspannung im Alpin Royal Hotel in Liechtenstein. 26 moderne Zimmer und fünf elegante Suiten, kombiniert mit erstklassigem Service, sorgen für erholsame Aufenthalte.;<p>Inmitten eines wirtschaftlich starken Umfelds und mit Blick auf die beeindruckende Bergwelt Liechtensteins und der Schweiz heisst das Alpin Royal Hotel sowohl anspruchsvolle Geschäftsreisende als auch Urlauber willkommen, die stilvollen Komfort und naturnahe Erholung schätzen.</p><p>Die 26 modernen Zimmer und fünf grosszügigen Suiten bieten ideale Voraussetzungen für erholsame Tage. Ein reichhaltiges Frühstücksbuffet ist im Zimmerpreis inbegriffen. Am Abend verwöhnt das hauseigene Restaurant mit regional inspirierter Küche und einer erlesenen Auswahl an Weinen seine Gäste.</p><p>Dank kostenfreier Tiefgarage und der Nähe zur Autobahn A13 bei Buchs - nur sechs Minuten entfernt - gestaltet sich die Anreise besonders bequem.</p><p>Aktive Gäste finden in der Umgebung vielfältige Möglichkeiten: Ob Wandern, Radfahren oder ein spannender Abend im Alpin Royal Casino - Freizeitvergnügen ist garantiert.</p><p>Ganz gleich, ob geschäftlicher Aufenthalt oder entspannte Auszeit: Das Alpin Royal Hotel steht für Erholung, Genuss und unvergessliche #RoyalMoments - mitten in Liechtenstein.</p>;9.510115385055544;47.17457711028904;Im Rietacker 8;9494;Schaan;+423 399 88 88;hotel@alpin-royal.li;https://alpin-royal.li/hotel/;[{'@type': 'ImageObject', 'contentUrl': 'https://ltmpimtsoch.sos-ch-dk-2.exoscale-cdn.com/catalog/2/0/0/9/2009ab321eaf18e2e7f6eab789f36e5a8b2254de_10___KPZ_1297_2.jpg', 'caption': {'de': 'Modern und gemütlich eingerichtetes Doppelzimmer im Alpin Royal Hotel'}}];2026-05-08T11:13:52+02:00
41c17a39-4f2c-42b4-a35a-f15989d36520;Kloster by b_smart;Das Kloster by b_smart vereint historischen Charme mit modernem Komfort und bietet stilvolle Zimmer mit beeindruckender Aussicht.;<p>G&auml;ste geniessen die historischen Grundmauern des&nbsp;Klosters St. Elisabeth&nbsp;mit einer einzigartigen Aussicht auf Schaan und Liechtenstein. Das modern renovierte Hotel&nbsp;Kloster by b_smart&nbsp;hat beim Umbau die Historie des Hauses ber&uuml;cksichtigt und l&auml;dt auf eine einzigartige Entdeckungsreise ein.&nbsp;</p><p>Direkt vor den Toren des Klosters liegt der Wirtschafts- und Industriestandort Liechtenstein. Somit eignet sich das Hotel perfekt f&uuml;r Gesch&auml;fts- wie auch Freizeitreisende. Durch den modernen Stil des Hotels, welcher sich mit dem historischen Kloster vereint, entsteht&nbsp;ein einzigartiges G&auml;steerlebnis.</p><p>Mit 19 hellen und modernen Zimmern bietet das Kloster by b_smart genug Platz, um sich wohl zu f&uuml;hlen.</p><p>Mit der Zustimmung des Hotels sind Haustiere grunds&auml;tzlich erlaubt. Es f&auml;llt eine entsprechende Geb&uuml;hr an.</p>;9.519996643066408;47.1668392021193;Duxgasse 55;9494;Schaan;+423 222 09 94;info@kloster-schaan.net;https://www.kloster-schaan.net/;[{'@type': 'ImageObject', 'contentUrl': 'https://ltmpimtsoch.sos-ch-dk-2.exoscale-cdn.com/catalog/b/3/1/a/b31af89e88c8ccad2a0bda171e597bd571dc7ed4_kloster_22.jpg', 'caption': {'de': 'Doppelzimmer im Kloster by b_smart', 'en': 'Kloster by b_smart'}}];2026-09-03T04:02:16+02:00
472bf920-6ad3-48cf-bd74-40251c223002;Gasthaus Krone;Das Gasthaus Krone in Schellenberg ist ein kinderfreundliches Haus mit gutbürgerlicher Küche.;<p>Das Gasthaus ist ruhig gelegen und idealer Ausgangspunkt für Ausflüge und leichte Wanderungen. Entspannen kann man im hauseigenen Hallenbad.</p><p>Ab einem Aufenthalt von sieben Tagen erhalten Gäste einen «Long Stay Rabatt».</p>;9.546990394592287;47.231371638188136;Dorf 36;9488;Schellenberg;+423 373 11 68;krone.schellenberg@supra.net;http://www.hotelkrone.li;[{'@type': 'ImageObject', 'contentUrl': 'https://ltmpimtsoch.sos-ch-dk-2.exoscale-cdn.com/catalog/c/d/5/b/cd5b0a2f01bc775e16d3a4ab67200b8c23992c84_2013_hotel_krone_schellenberg_01.jpg', 'caption': {'de': 'Aussenansicht des Gasthaus Krone'}}];2026-05-15T10:41:54+02:00
47a5ec25-bf69-415d-bc29-7d4b300a3b30;JUFA Hotel Malbun;Das familienfreundliche JUFA Hotel Malbun befindet sich mitten in den Liechtensteiner Alpen und garantiert Freizeitvergnügen in idyllischer Berglandschaft.;<p>Das moderne Hotel liegt im Hochtal Malbun, eingebettet in die Alpen Turna und Pradamee, in der Gemeinde Triesenberg.</p><p>Im JUFA Hotel Malbun f&uuml;hlen sich Familien besonders wohl. Mit der Kinderspielelandschaft, den hoteleigenen Familienangeboten, angefangen beim Kinderspielbereich und der hoteleigenen Kinderbetreuung in den Ferien, &uuml;ber gef&uuml;hrte Wanderungen, bis hin zur Kleinsporthalle, kommt bei Gross und Klein garantiert keine Langeweile auf.</p><p>Durch die unmittelbare Lage inmitten der Berge geniessen die G&auml;ste im Sommer wie im Winter den Komfort, direkt beim Hotel mit verschiedensten Freizeitaktivit&auml;ten starten zu k&ouml;nnen. Sei es zu einer Wanderung auf die umliegenden Gipfel oder zu einem sportlichen Skitag auf 1600 &ndash; 2000 m &uuml;. M.</p><p>Malbun hat all seine Angebote gezielt auf die Bed&uuml;rfnisse von Kindern, Eltern und Begleitpersonen ausgerichtet. Das JUFA Hotel tr&auml;gt zudem das G&uuml;tesiegel &laquo;TOP Familienhotel&raquo;.</p><p><strong>Das JUFA Hotel Malbun&nbsp;bietet:</strong></p><ul><li>58 Zimmer</li><li>Alle Zimmer mit Allergiker-Ausstattung, Dusche, WC, TV, Safe, WLan</li><li>Caf&eacute;/Bar sowie Restaurant</li><li>Sonnenterrasse direkt an der Skipiste</li><li>Alpin Wellness (Sauna, Dampfbad, Infrarot, Ruhezone)</li><li>Multifunktionsr&auml;ume (Seminar, Aufenthaltsr&auml;ume f&uuml;r Gruppen)</li><li>Indoor Kleinkinderspielbereich &laquo;Kinderland&raquo; und Outdoorspielplatz</li><li>Kleinsporthalle (10 x 18 m)</li><li>Fitnessraum</li><li>Skistall und Trockenraum</li><li>Kinderbetreuung in den Ferien</li></ul><p>Haustiere sind grunds&auml;tzlich erlaubt. Es f&auml;llt eine entsprechende Geb&uuml;hr an.</p>;9.604952931404116;47.10495579492308;Malbunstrasse 60;9497;Malbun;+423 399 20 00;fom.malbun@jufahotels.com;https://www.jufa.eu;[{'@type': 'ImageObject', 'contentUrl': 'https://ltmpimtsoch.sos-ch-dk-2.exoscale-cdn.com/catalog/6/d/0/1/6d0162b2b87966bd6990ef2ac1249dca4a1099c7_JUFA_Sommer_1.jpg', 'caption': {'de': 'Aussenansicht des JUFA Hotel Malbun, umgeben von Bergen', 'en': 'JUFA Hotel'}}];2026-08-12T07:34:19+02:00
4fef856a-5c35-4ff7-9506-891f694097f7;B&B Hotel Liechtenstein-Eschen;Das B&B Hotel Liechtenstein-Eschen begrüsst seine Gäste mit modernem Design, hellen Zimmern und durchdachter Ausstattung.;<p data-start="379" data-end="728">Die Zimmer sind hell und freundlich gestaltet und &uuml;berzeugen mit klarem Design sowie einer Ausstattung, die auf die Bed&uuml;rfnisse von Reisenden zugeschnitten ist. Ganz gleich, ob gesch&auml;ftlich unterwegs, auf Entdeckungstour durch die kulturellen Highlights des F&uuml;rstentums oder auf der Suche nach Naturerlebnissen &ndash; das Hotel ist ein idealer Ausgangspunkt.</p><p data-start="730" data-end="821">Jeden Morgen erwartet die G&auml;ste ein abwechslungsreiches und reichhaltiges Fr&uuml;hst&uuml;cksbuffet.</p>;9.536626338958742;47.20648692050958;Wirtschaftspark 41;9492;Eschen;+423 375 07 70;liechtenstein-eschen@hotelbb.com;https://www.hotel-bb.com/de/hotel/liechtenstein-eschen;[{'@type': 'ImageObject', 'contentUrl': 'https://ltmpimtsoch.sos-ch-dk-2.exoscale-cdn.com/catalog/e/c/f/2/ecf21a7a99bcb61945c6a2eb1aa3e0314d4ba0a3_CSP_10282024_Ospelt_Flow_014.jpg', 'caption': {'de': 'Modernes Doppelzimmer des B&B Hotel Liechtenstein-Eschen'}}];2026-06-02T14:18:49+02:00
51d1d5c2-6c28-48fc-b241-fafa54d73663;Jugendherberge Schaan-Vaduz;Die Jugendherberge befindet sich in ruhiger Lage und bietet eine ideale Unterkunft für Familien, Sportgruppen und Seminarteilnehmende.;<p>Die Jugendherberge Schaan-Vaduz liegt westlich unterhalb der Landstrasse von Vaduz nach Schaan. In der N&auml;he befinden sich das Schwimmbad M&uuml;hleholz sowie der Minigolfplatz. Ebenfalls in wenigen Minuten erreicht man eine Bushaltestelle. Mit dem Fahrrad kann man von der Jugendherberge aus ausgedehnte Touren unternehmen. Ums Haus laden Liegest&uuml;hle und Sitzgelegenheiten mit Blick in die Rheinebene und ihrer Bergwelt zum Verweilen ein. Zur Infrastruktur geh&ouml;ren zudem eine Spielecke, Tischtennis, Tischfussball sowie ein Ruheraum.</p><p>Das helle und grossz&uuml;gige Haus ist besonders f&uuml;r Trainingslager, Seminare und Familien geeignet: beste Trainingsbedingungen in der Region, vollst&auml;ndig ausger&uuml;steter Seminarraum f&uuml;r bis zu 50 Personen und ger&auml;umige Familienzimmer.</p><p><strong>Zimmer</strong></p><ul><li>12 Doppelzimmer mit Bad</li><li>4 Familienzimmer mit Bad</li><li>Diverse 4- und 6-Bett-Zimmer mit Etagen-Dusche</li></ul><p>Haustiere sind auf Anfrage gestattet. M&ouml;glicherweise fallen Geb&uuml;hren an.</p>;9.506118893623354;47.156896299073416;Under Rüttigass 6;9494;Schaan;+423 232 50 22;schaan@youthhostel.ch;http://www.youthhostel.ch/en/hostels/schaan-vaduz;[{'@type': 'ImageObject', 'contentUrl': 'https://ltmpimtsoch.sos-ch-dk-2.exoscale-cdn.com/catalog/f/8/e/7/f8e7f8ede85559dcbf54ddfd9ca96777b768beb1_swiss_youth_hostel_schaan_vaduz_16.jpg', 'caption': {'de': 'Rezeption und Lobbybereich in der Jugendherberge Schaan-Vaduz', 'en': 'Youth Hostel Schaan/Vaduz'}}];2026-08-27T22:26:48+02:00
5418c195-8b56-4212-b294-81b3940a2689;Hotel Central by Residence;Geniesse einen Aufenthalt in Liechtensteins exklusivsten Zimmern und Suiten mitten in Vaduz.;<p>Das Hotel Central befindet sich am zentralsten Ort der liechtensteinischen Hauptstadt und bietet moderne und elegante Zimmer mit Schwerpunkt auf hochwertigen Materialien, exzellentem Service und traditionellem Essen.</p><p>Elegant, modern und atemberaubend, eine neue Definition von Luxus: Diese 17&nbsp;Zimmer und Suiten wurden 2019 erbaut und befinden sich im Neubau des Residence Hotels. Der bemerkenswerte Blick &uuml;ber die Stadt begeistert die G&auml;ste und das Hotel z&auml;hlt viele&nbsp;Stammg&auml;ste. Im Winter kann man die strahlende Wintersonne mit der frischen Bergluft geniessen und die Landschaft feiern. Im Sommer macht der frische Grasgeruch in Kombination mit einem k&uuml;hlen Wind aus dem S&uuml;den den Balkon noch angenehmer.</p><p>F&uuml;r dieses Projekt wurden nur die besten Materialien und M&ouml;bel ausgew&auml;hlt. Alle Zimmer sind unterschiedlich und sehen wie eine Boutique aus, mit einem uneingeschr&auml;nkten Sinn f&uuml;r Stil und einem Auge f&uuml;rs Detail. Mit weichen Oberfl&auml;chen und hellen Farben wirst du dich zweifellos wie zu Hause f&uuml;hlen.</p>;9.522930113414194;47.140200811185714;Städtle 23a;9490;Vaduz;+423 239 20 20;info@residence.li;https://www.residence.li;[{'@type': 'ImageObject', 'contentUrl': 'https://ltmpimtsoch.sos-ch-dk-2.exoscale-cdn.com/catalog/9/f/8/0/9f80291ae8eef8d6979a538ce3c0101fc4adbc0e_2__.jpg', 'caption': {'de': 'Hotel Central by Residence', 'en': 'Central by Hotel Residence'}}];2026-08-14T21:13:44+02:00
5e67025e-1de3-4731-8f16-24caca073056;Hotel Schatzmann;Das Hotel Schatzmann bietet charmante 3-Sterne-Zimmer im Alpenstil und moderne 4-Sterne-Zimmer im ruhigen Anbau.;<p>Das Hotel Schatzmann in Triesen liegt nur zwei Kilometer südlich von Vaduz, sodass das Zentrum des Hauptorts in wenigen Minuten mit dem Auto oder öffentlichen Verkehrsmitteln zu erreichen ist. Umgeben von einer atemberaubenden Berglandschaft bietet das familiär geführte Hotel eine herzliche Atmosphäre und komfortable Unterkünfte.</p><p>Die Standard-Zimmer im Haupthaus sind im alpenländischen Stil gehalten und mit 3 Sternen klassifiziert. Besonders ruhig gelegen ist der Anbau, in dem sich moderne 4-Sterne-Zimmer und Suiten befinden. Gäste profitieren zudem vom freien Zugang zum Fitnesscenter im Nebenhaus, das mit den neuesten Geräten ausgestattet ist. </p><p>Haustiere sind grundsätzlich erlaubt. Es fällt möglicherweise eine entsprechende Gebühr an.</p>;9.523488879203798;47.11819772684304;Landstrasse 80;9495;Triesen;+423 399 12 12;info@schatzmann.li;https://schatzmann.li/;[{'@type': 'ImageObject', 'contentUrl': 'https://ltmpimtsoch.sos-ch-dk-2.exoscale-cdn.com/catalog/4/6/9/5/4695d1f2873d4645e7c92b18baad40a0af21ba9e_Hotel_Schatzmann_Triesen__1_.jpg', 'caption': {'de': 'Aussenansicht des Hotel Schatzmann', 'en': 'Hotel Schatzmann'}}];2026-09-02T00:01:41+02:00
7575db7e-72d3-4b17-9911-9e6624315299;Landhaus Boutique Motel;Das Landhaus bietet einen modernen und liebevoll ausgestatteten Rückzugsort mit Blick auf die Berge.;<p>Das Landhaus Boutique Motel bietet einen stilvoll eingerichteten Rückzugsort mit Blick auf die Berge. Dank der günstigen Lage sind Vaduz und Feldkirch in nur zehn Minuten erreichbar, während Restaurants und Einkaufsmöglichkeiten in unmittelbarer Nähe liegen. Gästen stehen kostenfreie Parkplätze direkt vor dem Gebäude zur Verfügung, ebenso wie eine gute Anbindung an öffentliche Verkehrsmittel. Die Nähe zur Grenze von Österreich und der Schweiz macht das Motel zu einer praktischen Wahl für Geschäftsreisende und Urlauber.</p><p>Mit der Zustimmung des Hotels sind Haustiere grundsätzlich erlaubt. Es fällt eine entsprechende Gebühr an.</p>;9.544115066528322;47.20032353092113;Churer Strasse 4;9485;Nendeln;+423 222 69 99;info@landhaus-nendeln.li;https://www.landhaus-nendeln.li/;[{'@type': 'ImageObject', 'contentUrl': 'https://ltmpimtsoch.sos-ch-dk-2.exoscale-cdn.com/catalog/7/f/f/2/7ff249a2589df9d26be313c867043ed9ca726a15_f__r_Simplebooking.jpg', 'caption': {'de': 'Doppelzimmer im Landhaus Boutique Motel', 'en': 'Landhaus Boutique Motel'}}];2026-07-09T10:05:12+02:00
7c9a43b3-b64b-43bf-ada8-a5bea55e1c94;Landgasthof Rössle;Der Landgasthof Rössle liegt an ruhiger Lage in Ruggell und steht seit über 130 Jahren für liechtensteinische Gastfreundschaft.;<p>Seit Generationen steht der Landgasthof Rössle für echte liechtensteinische Gastfreundschaft, gutbürgerliche Küche und eine herzliche, entspannte Atmosphäre. Der traditionsreiche Familienbetrieb verbindet kulinarische Qualität mit persönlicher Betreuung und bietet darüber hinaus komfortable Zimmer im gemütlichen Landhausstil.</p><p>Auch Familien sind hier bestens aufgehoben: Für Kinder gibt es einen hauseigenen Spielplatz, der viel Raum für Spass und Bewegung.</p>;9.524475932121279;47.24364230016901;Kanalstrasse 2;9491;Ruggell;+423 373 14 25;landgasthof@roessle.li;http://www.roessle.li;[{'@type': 'ImageObject', 'contentUrl': 'https://ltmpimtsoch.sos-ch-dk-2.exoscale-cdn.com/catalog/2/6/4/9/2649799eba21ce911030872b64a212dd644b34de_2013_hotel_r__ssle_ruggell_01.jpg', 'caption': {'de': 'Aussenansicht des Landgasthof Rössle'}}];2026-08-27T22:27:55+02:00
7d3ad8e7-2e70-4cac-bbda-4b994baf14ea;Hotel Turna Malbun;Familiäre Atmosphäre wird im Hotel Turna in Malbun grossgeschrieben, aber auch individueller Komfort wird geboten.;<p>Gastlich, herzlich, urig: Das traditionelle Familienhotel Turna begeistert seit mehr als 50 Jahren seine G&auml;ste. Das Hotel war stets im Besitz der Gastronomen-Familie Lampert. Durch echte Gastfreundschaft, herzhaftes Essen und eine ganz in Holz gehaltene Ausstattung f&uuml;hlen sich G&auml;ste hier &laquo;daheim&raquo;. Das Hotel ist im Herzen von Malbun direkt bei der Sesselbahn Malbun-Sareis in herrlicher Umgebung gelegen.</p><p><strong>Das Hotel Turna Verw&ouml;hnspektrum</strong>:</p><ul><li>gepflegtes Restaurant mit regionalen Spezialit&auml;ten</li><li>Sonnenterrasse mit Liegest&uuml;hlen, Tischtennis und Kinderspielger&auml;ten</li><li>Saunalandschaft mit Kneippbecken, Ruheraum und Hallenbad</li><li>Kinderspielzimmer</li></ul><p>Drei Zimmer sind behindertengerecht mit entsprechenden Toiletten und Duschen eingerichtet, auch das Restaurant, die Stockwerke, der Eingangsbereich und der Lift sind behindertengerecht.</p><p>Das Hotel Turna wurde durch hotelleriesuisse als&nbsp;Top-Familienhotel&nbsp;ausgezeichnet.</p><p>Haustiere sind gestattet. M&ouml;glicherweise fallen Geb&uuml;hren an.</p>;9.610846472941427;47.101095642321575;Im Malbun 55;9497;Malbun;+423 265 50 40;info@turna.li;http://www.turna.li;[{'@type': 'ImageObject', 'contentUrl': 'https://ltmpimtsoch.sos-ch-dk-2.exoscale-cdn.com/catalog/f/8/4/a/f84a0bfad28d2f2619b78f33378d2264fbf97733_Hotel_Turna_Aussenansicht_Sommer.jpg', 'caption': {'de': 'Aussenansicht des Hotel Turna im Bergort Malbun', 'en': 'Hotel Turna'}}];2026-09-10T08:33:06+02:00
811c1588-7044-478f-9b26-025db849a3f3;Haus Gutenberg;Übernachten in einer einzigartigen Umgebung - Willkommen im Haus Gutenberg.;<p>Das Gäste-, Bildungs- und Seminarhaus liegt auf dem&nbsp;<span style="text-align: center;">«</span>guten Berg<span style="text-align: center;">»</span>&nbsp;in Balzers. Unterhalb der Burg Gutenberg erbaut, ist es ein Ort, der Kraft ausstrahlt und Menschen zur Ruhe kommen lässt. Inmitten der Weinberge, in einzigartiger Umgebung übernachten Gäste in einem der hellen und freundlichen Zimmer. Ausserdem stehen die modernen, hellen Seminarräume für Meetings oder Seminare zur Verfügung.<br> Eine Zimmerbuchung ist unabhängig von einer Seminarbuchung möglich.</p>  ;9.499145150184633;47.06369819508099;Burgweg 8;9496;Balzers;+423 388 11 33;gutenberg@haus-gutenberg.li;https://www.haus-gutenberg.li/tagungsort/seminarraeume.html;[{'@type': 'ImageObject', 'contentUrl': 'https://ltmpimtsoch.sos-ch-dk-2.exoscale-cdn.com/catalog/3/0/f/9/30f98f1a5893afb2e1b26dfece11a3bda953f24b_20150614_0030_resized.jpg', 'caption': {'de': 'Haus Gutenberg inmitten der Weinberge in Balzers', 'en': 'Haus Gutenberg'}}];2026-08-27T11:20:36+02:00
8197dc40-65cc-4abb-b7b9-ed817080f14c;Grand Casino Hotel Liechtenstein;Das Grand Casino Hotel Liechtenstein kombiniert modernen Komfort mit erstklassiger Lage – ideal für Casino-Besucher, Geschäftsreisende und Urlauber.;<p>Gäste erwarten zehn stilvolle Doppelzimmer und eine geräumige Suite mit beeindruckendem Blick auf die liechtensteinische und Schweizer Bergwelt. Das reichhaltige Frühstück sorgt für einen gelungenen Start in den Tag, während das hauseigene Restaurant Alpspitz kulinarische Highlights am Abend bietet. Dank der direkten Anbindung an die Schweizer Rheintal-Autobahn A13 und den kostenfreien Parkplätzen ist eine bequeme Anreise garantiert. Für besondere Genussmomente lädt die Rooftop Bar im 4. Stock mit edlen Getränken und traumhafter Aussicht ein.</p>;9.502597517743133;47.205194495342994;Selemad 10;9487;Gamprin-Bendern;+423 222 77 27;rezeption@gcli.li;https://gchotel.li/;[{'@type': 'ImageObject', 'contentUrl': 'https://ltmpimtsoch.sos-ch-dk-2.exoscale-cdn.com/catalog/5/c/0/b/5c0b3b489c3afec55348ced9c4e68c733e812f5c_Grand_Casino_Hotel__3_.jpeg', 'caption': {'de': 'Modernes Doppelzimmer mit Aussicht auf die Berge im Grand Casino Hotel Liechtenstein', 'en': 'Grand Casino Hotel Liechtenstein'}}];2026-08-26T05:30:45+02:00
92ad0473-93e8-444b-9b13-a61925b2c5fe;b_smart hotel Bendern;Das b_smart hotel in Bendern überzeugt mit einem neuen Verständnis von Service und einladendem Design zu einem attraktiven Preis.;<p>Nur fünf Autominuten von der Schweizer Autobahn A13 entfernt, liegt das Hotel inmitten des Industrie- und Wirtschaftsstandortes Fürstentum Liechtenstein. Einchecken kann man rund um die Uhr und ohne Zeitverlust am Check-in Terminal. Neben den 57 topmodernen Zimmern bietet das b_smart hotel auch einen exklusiven Fitness- und Wellnessbereich. Egal ob für Businessreisende oder für Urlauber, ob für kurze oder längere Aufenthalte - im b_smart hotel im Fürstentum Liechtenstein zu übernachten lohnt sich.</p><p>Mit der Zustimmung des Hotels sind Haustiere grundsätzlich erlaubt. Es fällt eine entsprechende Gebühr an.</p>;9.502149225729234;47.20525821699224;Selemad 12;9487;Gamprin-Bendern;+41 62 858 47 49;meeting-bendern@b-smarts.net;https://www.b-smarts.net/bendern/meeting-events;[{'@type': 'ImageObject', 'contentUrl': 'https://ltmpimtsoch.sos-ch-dk-2.exoscale-cdn.com/catalog/1/2/d/c/12dc3547ceb2dcddfe1960a5706e031ae214d90f__C__Hannes_Niederkofler_HQ_1658.jpg', 'caption': {'de': 'Stilvoll eingerichtetes Doppelzimmer im b_smart hotel in Bendern', 'en': 'b_smart hotel'}}];2026-07-19T08:34:22+02:00
b15dc365-27cf-4666-8c6a-51a2a10c0d01;Hotel kommod;Egal ob Businessgast oder Urlauber, das Hotel kommod ist ideal für alle, die zeitgemässen Lifestyle, Service und Komfort lieben.;<p>Herzlich willkommen im Naherholungsgebiet Ruggell. Ob Businessgast oder Urlauber – das moderne Self-Check-in-Hotel kommod empfängt seine Gäste in ruhiger Lage in Ruggell, 1.5 km von der Autobahn A13 entfernt.</p><p>Die geschmackvoll und modern eingerichteten Zimmer mit kostenfreiem WLAN verfügen über schallisolierte, raumhohe Fenster, die geöffnet werden können, einen Flachbild-TV, einen Safe sowie ein Bad mit einer Regendusche und einem beleuchteten Schminkspiegel.</p><p>Mit seinen verschiedenen Räumlichkeiten ist das kommod auch eine ideale Location für erfolgreiche Tagungen, Seminare und Veranstaltungen. Gästen stehen zudem kostenlose Leihfahrräder zur Verfügung – ideal, um die Umgebung aktiv und flexibel zu erkunden.</p><p>Das <a href="https://tourismus.dev.cms.tso.ch/map/poi/restaurant-tenn-be5d2d19-ab2f-4570-886c-9a8d1a4201b7.html" rel="noopener noreferrer" target="_blank">Restaurant «tenn»</a>, das sich im Hotel befindet, serviert regionale und internationale Küche. Die hauseigene Bar mit einer Snackkarte, kostenlose Parkplätze in der überdachten Garage sowie mehrere Tagungs- und Businesseinrichtungen im Hotel runden das Angebot ab.</p><p>Der Check-in ist rund um die Uhr über einen Check-in-Automaten direkt im Hoteleingang selbstständig möglich.</p><p>Mit der Zustimmung des Hotels sind Haustiere grundsätzlich erlaubt. Es fällt eine entsprechende Gebühr pro Nacht an.</p>;9.528279304504396;47.24859854702802;Industriering 14;9491;Ruggell;+423 377 37 77;hotel@kommod.li;https://www.kommod.li/de/seminare-events/seminarraum-anfrage/;[{'@type': 'ImageObject', 'contentUrl': 'https://ltmpimtsoch.sos-ch-dk-2.exoscale-cdn.com/catalog/9/5/c/5/95c5ca613578ef66ba8908849de083465209386c_Kommod_Hotelzimmer_4.jpg', 'caption': {'de': 'Modernes Doppelzimmer im Hotel kommod mit Ausblick ins Grüne', 'en': 'Hotel kommod'}}];2026-08-31T23:23:27+02:00
ba2d6e80-de33-4be5-a541-100f886a3388;Hotel Falknerei Galina;Das Hotel Galina ist ein familiär geführtes Hotel mit gemütlichen Familien- und Doppelzimmern sowie teilweise Balkon mit fabelhaftem Blick auf die schöne Bergwelt.;<p>Das Hotel liegt im idyllischen Bergdorf Malbun, dem einzigen Skigebiet im Fürstentum Liechtenstein, auf 1600 m ü. M. Nach einer erholsamen Nacht werden die Gäste mit einem reichhaltigen Frühstücksbuffet verwöhnt.</p><p>Im Winter geht’s vom Skiraum aus direkt auf die Piste oder in 2-3 Minuten Fussweg auf den Eisplatz oder zum Schlitteln. Die Schneesportschule, das Ski-Kinderparadies <a href="https://tourismus.dev.cms.tso.ch/map/poi/malbi-park-d51eea1f-6bd6-45f3-8891-00ca606586a1.html" rel="noopener noreferrer" target="_blank">malbi-park</a> oder das Sportgeschäft <a href="https://tourismus.dev.cms.tso.ch/map/poi/malbun-sport-9c757e6b-ea49-4a77-ae7f-c3cfd2f9f8cc.html" rel="noopener noreferrer" target="_blank">Malbun Sport</a> sind ebenfalls nur wenige Gehminuten entfernt. Parken können Gäste kostenlos, direkt vor dem Hotel.</p><p>Von Juni bis Anfang Oktober bietet das Galina mit seiner Falknerei eine spektakuläre Greifvogel-Show sowie privat geführte, weltweit einzigartige Adler- und Harris-Hawk-Erlebnisse an. Hierbei erlebst du die faszinierende Welt von Steinadler, Falke, Uhu &amp; Co. hautnah.</p><p>Mit der Zustimmung des Hotels sind Haustiere grundsätzlich erlaubt. Es fällt eine entsprechende Gebühr an.</p>;9.608223873582316;47.10226223726954;Im Malbun 20;9497;Malbun;+423 784 34 24;info@galina.li;https://www.galina.li;[{'@type': 'ImageObject', 'contentUrl': 'https://ltmpimtsoch.sos-ch-dk-2.exoscale-cdn.com/catalog/a/a/e/a/aaea7019f042fd4cb66344550ed726e4a811db77_galina_2026_01_02_0088.jpg', 'caption': {'de': 'Aussenansicht des Hotels Falknerei Galina in Malbun', 'en': 'Hotel Falknerei Galina'}}];2026-08-12T07:55:32+02:00
c2e73a58-01d8-44ea-913c-15acdedf5cdd;Giessen Hotel & Coffeehouse;Das Giessen Hotel & Coffeehouse ist ein gemütliches Drei-Sterne-Hotel in Vaduz mit serviertem Frühstück als «Buffet-à-la-carte».;<p>Das Giessen Hotel &amp; Coffeehouse in Vaduz bietet alles für einen komfortablen Aufenthalt in Liechtenstein. Das Drei-Sterne-Haus überzeugt mit einer gemütlichen Atmosphäre, stilvollen Zimmern, einem servierten Frühstück als „Buffet-à-la-carte“ und kostenlosem WLAN im gesamten Gebäude. Dank des 24/7 Self-Check-in-Systems reisen Gäste jederzeit flexibel an.</p><p>Radfahrer und Outdoor-Fans profitieren von einer Fahrradgarage und E-Bike-Ladestationen, während das Stadtzentrum von Vaduz in nur 10 Gehminuten erreichbar ist.</p><p>Hunde sind auf Anmeldung willkommen (CHF 20/Nacht/Hund).</p>;9.520313143730165;47.132932401429855;Zollstrasse 16;9490;Vaduz;+423 235 00 35;coffeehouse@giessen.li;https://giessen.li/meeting/;[{'@type': 'ImageObject', 'contentUrl': 'https://ltmpimtsoch.sos-ch-dk-2.exoscale-cdn.com/catalog/e/b/f/2/ebf29b2b9bccfd5d68b1bf9bde19fdee2982588e_Hotel_Giessen_Zimmer.jpg', 'caption': {'de': 'Gemütliches Doppelzimmer im Hotel Giessen', 'en': 'Giessen Hotel & Coffeehouse'}}];2026-08-27T22:28:00+02:00
d5cce0ca-da52-4c82-83c4-e7ed9bb17cf4;b_smart motel Schaan;Das b_smart motel in Schaan bietet modernes Design, ein attraktives Preis-Leistungs-Verhältnis und 24/7 Self-Check-in.;<p>Das b_smart motel überzeugt mit topmodernem Design, flexibler 24/7 Self-Check-in-Möglichkeit und einem attraktiven Preis-Leistungs-Verhältnis. Mit 15 komfortablen Zimmern bietet es einen entspannten Aufenthalt mitten in Liechtenstein. Dank der zentralen Lage sind Unternehmen im Wirtschafts- und Industriestandort Liechtenstein schnell erreichbar. Ein Frühstück ist inklusive, damit Gäste gestärkt in den Tag starten können.</p><p>Mit der Zustimmung des Hotels sind Haustiere grundsätzlich erlaubt. Es fällt eine entsprechende Gebühr an.</p>;9.51914274818941;47.17874669713654;Undera Forst 16;9494;Schaan;+423 222 09 81;schaan@b-smarts.net;https://www.b-smarts.net/schaan;[{'@type': 'ImageObject', 'contentUrl': 'https://ltmpimtsoch.sos-ch-dk-2.exoscale-cdn.com/catalog/4/6/e/0/46e0257c5c19a55be1f4b84e5c50c32758d5bdd5_b_smart_motel_Schaan_22__1_.jpg', 'caption': {'de': 'Helles und modernes Zweibettzimmer im b_smart motel', 'en': 'b_smart motel'}}];2026-06-03T07:23:12+02:00
e2ea1184-ac14-430f-b360-79c60e5d254c;Residence;Das Hotel Residence befindet sich im Städtle Vaduz und bietet moderne und elegante Zimmer.;<p>Das Residence besteht seit dem Jahr 2003 und fasziniert Gäste seitdem durch sein klassisches Interieur, das Komfort und Eleganz kombiniert. Ob Familienaufenthalt, romantischer Kurzurlaub oder Geschäftsreise - das Residence bietet für jeden Anlass geeignete Zimmer und passt sich den Bedürfnissen der Gäste an. Der Fokus liegt dabei stets auf dem Komfort, der Liebe zum Detail und einem aufrichtigen, heimeligen Gefühl.</p><p>Das Boutique-Hotel umfasst insgesamt 46 Zimmer und ist in zwei Bereiche mit ganz unterschiedlichem Stil unterteilt: das Residence Hotel mit 29 Zimmern und das modern-luxuriöse Central mit 17 Zimmern.</p><p>Mit der Zustimmung des Hotels sind Haustiere grundsätzlich erlaubt. Es fällt eine entsprechende Gebühr an.</p>;9.522807598114014;47.14001179871589;Städtle 23;9490;Vaduz;+423 239 20 20;info@residence.li;https://residence.li/;[{'@type': 'ImageObject', 'contentUrl': 'https://ltmpimtsoch.sos-ch-dk-2.exoscale-cdn.com/catalog/2/c/7/b/2c7bc5abe6ca31219836319773d89753aa3341ca_aussen.jpg', 'caption': {'de': 'Aussenansicht des Hotel Residence im Vaduzer Städtle', 'en': 'Hotel Residence'}}];2026-08-26T09:06:08+02:00
e64eadb6-138a-40e6-a169-799b7cdf3156;Hotel Weinstube;Das Hotel Weinstube in Nendeln verbindet familiäre Gastfreundschaft mit guter Küche.;<p>Das Hotel Weinstube in Nendeln bietet eine familiäre Atmosphäre und lädt zum Entspannen oder für Seminare in angenehmer Umgebung ein. Die zentral gelegene Unterkunft grenzt direkt an die Natur des Liechtensteiner Unterlands und bietet eine erholsame Auszeit. Im dazugehörigen Restaurant Weinstube kannst du aus über 200 Weinsorten wählen und regionale Köstlichkeiten geniessen.</p><p>Haustiere sind auf Anfrage gestattet. Möglicherweise fallen Gebühren an.</p>  ;9.543841588552096;47.19986657860388;Churer Strasse 10;9485;Nendeln;+423 377 17 77;office@weinstube.li;http://www.weinstube.li;[{'@type': 'ImageObject', 'contentUrl': 'https://ltmpimtsoch.sos-ch-dk-2.exoscale-cdn.com/catalog/1/1/d/d/11dd17d0aee8d38972cb7891c4ecb3ac873161c2_170422_Webseite_Weinstube_Vinothek_Sch__chle_454.jpg', 'caption': {'de': 'Doppelzimmer im Hotel Weinstube', 'en': 'Hotel Weinstube'}}];2026-09-12T04:02:41+02:00
fe2e7d3c-066d-46b1-a1d2-c6158538c743;Familienhotel Gorfion Liechtenstein;Im Familienhotel Gorfion Liechtenstein im Bergdorf Malbun dreht sich alles um abwechslungsreiche Familienzeit und entspannende Auszeiten für Eltern.;<p>F&uuml;r das Familienhotel Gorfion Liechtenstein, inmitten der malerischen Bergwelt von Malbun, beginnt ein neues Kapitel. Mit dem feierlichen Spatenstich am 24. April 2025 fiel der Startschuss f&uuml;r das gr&ouml;sste Umbauprojekt in der Geschichte des Hauses: Bis zum 04. Dezember 2026 entsteht ein Ort, der moderne Architektur mit famili&auml;rer Herzlichkeit und alpiner Gem&uuml;tlichkeit vereint - und Familienurlaub auf ein neues Niveau hebt:</p><p>Alle &auml;lteren Zimmer werden umgebaut bzw. vergr&ouml;ssert, es werden zus&auml;tzliche Familiensuiten entstehen, die Restaurants und der Buffetbereich werden vergr&ouml;ssert, der Happy-Club und der Bereich f&uuml;r unbetreutes Spielen wird vergr&ouml;ssert, es entsteht ein zweites Schwimmbad mit Aussenbereich, Kleinkindbereich und Wasserrutsche, der Wellnessbereich wird erweitert, ein Fitnessraum direkt im Haus und vieles mehr. Ihr d&uuml;rft gespannt sein!</p><p>Im Gorfion sind auch Vierbeiner willkommen (jedoch keine Hunde auf der Rassenliste <span data-teams="true">&laquo;Potentiell gef&auml;hrliche Hunde&raquo;)</span>. Pro Nacht und Hund wird CHF 60 verrechnet (unabh&auml;ngig von der Gr&ouml;sse).</p>;9.608986973762514;47.101268093475;Stubistrasse 8;9497;Malbun;+423 265 90 00;info@gorfion.li;https://gorfion.li/;[{'@type': 'ImageObject', 'contentUrl': 'https://ltmpimtsoch.sos-ch-dk-2.exoscale-cdn.com/catalog/4/4/b/5/44b517afd32a27fba2d0a1d6493e23caa4061978_1626e_Gorfion_2025_Aussen_Sommer_01.jpg', 'caption': {'de': 'Familienhotel Gorfion Liechtenstein', 'en': 'Gorfion Familotel Liechtenstein'}}];2026-09-07T22:01:47+02:00
